Re,amp,branch,_conv_t,_mu_ok_t,iterations_t,t_rom_t,_conv_d,_mu_ok_d,iterations_d,t_rom_d
20.0,0.0,sym,True,True,2,0.19421564508229494,True,True,27,0.7735793821047992
21.0,0.0,sym,True,True,2,0.11439687386155128,True,True,29,0.6746005031745881
22.0,0.0,sym,True,True,2,0.11393093899823725,True,True,32,2.291876988951117
23.0,0.0,sym,True,True,2,0.12050570314750075,True,True,34,0.7646851469762623
24.0,0.0,sym,True,True,2,0.11992048402316868,True,True,36,0.7932019028812647
25.0,0.0,sym,True,True,2,0.11989968898706138,True,True,39,0.9051637970842421
26.0,0.0,sym,True,True,2,0.11029745195992291,True,True,42,0.9694488230161369
27.0,0.0,sym,True,True,2,0.11099168588407338,True,True,45,0.9578725018072873
28.0,0.0,sym,True,True,2,0.16342574800364673,True,True,48,1.0997258669231087
29.0,0.0,sym,True,True,2,0.11538770399056375,True,True,50,1.0797752740327269
30.0,0.0,sym,True,True,2,0.13404629402793944,True,True,53,1.0549081631470472
31.0,0.0,sym,True,True,2,0.11960478802211583,True,True,56,1.0986856119707227
32.0,0.0,sym,True,True,2,0.12477215193212032,True,True,59,1.3490195060148835
33.0,0.0,sym,True,True,2,0.1295401039533317,True,True,61,1.269960816949606
34.0,0.0,sym,True,True,2,0.1169848891440779,True,True,63,1.3164079228881747
35.0,0.0,sym,True,True,2,0.11499330587685108,True,True,64,1.3094747599679977
36.0,0.0,sym,True,True,2,0.11925997189246118,True,True,64,1.2888657439034432
37.0,0.0,sym,True,True,1,0.10790917510166764,True,True,60,1.3299218150787055
38.0,0.0,sym,True,True,1,0.11101954500190914,True,True,58,1.2444157970603555
39.0,0.0,sym,True,True,1,0.11098772007972002,True,True,74,1.450098911067471
40.0,0.0,sym,True,True,1,0.10964807192794979,True,True,85,1.5840492120478302
41.0,0.0,sym,True,True,1,0.11555225099436939,True,True,95,1.9007857048418373
42.0,0.0,sym,True,True,1,0.10991528304293752,True,True,106,2.077774293953553
43.0,0.0,sym,True,True,1,0.10985048790462315,True,True,119,2.164565695915371
44.0,0.0,sym,True,True,1,0.1082582981325686,True,True,134,2.6209494778886437
45.0,0.0,sym,True,True,1,0.10707318293862045,True,True,154,2.929956239182502
46.0,0.0,sym,True,True,1,0.10748835606500506,True,True,179,3.290892057819292
47.0,0.0,sym,True,True,1,0.10732848499901593,True,True,211,3.9285903610289097
48.0,0.0,sym,True,True,1,0.10918140900321305,True,True,256,4.746899035992101
49.0,0.0,sym,True,True,1,0.12103662500157952,True,True,319,5.888675149995834
50.0,0.0,sym,True,True,1,0.11953880405053496,False,False,350,6.3405214650556445
51.0,0.0,sym,True,True,1,0.11597360298037529,False,False,350,6.479799639899284
52.0,0.0,sym,True,True,1,0.11826092191040516,False,False,350,6.772705824812874
53.0,0.0,sym,True,True,1,0.1134771800134331,False,False,350,6.72555161989294
54.0,0.0,sym,True,True,1,0.10726201510988176,False,False,350,6.439979098038748
55.0,0.0,sym,True,True,1,0.10749912285245955,False,False,350,6.559768956154585
56.0,0.0,sym,True,True,1,0.10705912997946143,False,False,350,6.3530758421402425
57.0,0.0,sym,True,True,1,0.11865236517041922,False,False,350,6.878437902079895
58.0,0.0,sym,True,True,1,0.11362509010359645,False,False,350,6.698305276222527
59.0,0.0,sym,True,True,1,0.11415637098252773,False,False,350,6.640301741892472
60.0,0.0,sym,True,True,1,0.1157949969638139,True,True,331,6.4258291909936816
61.0,0.0,sym,True,True,1,0.11002560891211033,True,True,261,5.083012216025963
62.0,0.0,sym,True,True,1,0.11336448905058205,True,True,209,3.967880078824237
63.0,0.0,sym,True,True,1,0.11130914208479226,True,True,168,3.574974370887503
64.0,0.0,sym,True,True,1,0.11942107300274074,True,True,136,2.5392634919844568
65.0,0.0,sym,True,True,1,0.10891049983911216,True,True,110,2.048712794203311
66.0,0.0,sym,True,True,1,0.11508303298614919,True,True,87,1.5866962769068778
67.0,0.0,sym,True,True,1,0.14276064094156027,True,True,65,1.4777313070371747
68.0,0.0,sym,True,True,2,0.12199251400306821,True,True,30,0.6522960341535509
69.0,0.0,sym,True,True,1,0.11865543108433485,True,True,58,1.2889811848290265
70.0,0.0,sym,True,True,1,0.11554588400758803,True,True,51,1.0683262071106583
71.0,0.0,sym,True,True,1,0.1145063869189471,True,True,47,1.1560518750920892
72.0,0.0,sym,True,True,1,0.116888877004385,True,True,42,0.895091381855309
73.0,0.0,sym,True,True,1,0.11210927017964423,True,True,38,0.8663663540501148
74.0,0.0,sym,True,True,1,0.10781627893447876,True,True,34,0.8373031408991665
75.0,0.0,sym,True,True,1,0.11427095695398748,True,True,30,0.6648633510340005
76.0,0.0,sym,True,True,1,0.11401784513145685,True,True,27,0.6354457850102335
77.0,0.0,sym,True,True,1,0.11302870605140924,True,True,24,0.5702320509590209
78.0,0.0,sym,True,True,4,0.15059935790486634,False,False,350,5.643406188115478
79.0,0.0,sym,True,True,4,0.08234766498208046,True,True,107,1.716940440936014
80.0,0.0,sym,True,True,3,0.08034910098649561,True,True,37,0.6178993859793991
81.0,0.0,sym,True,True,3,0.07750522694550455,True,True,23,0.41445982782170177
82.0,0.0,sym,True,True,3,0.07731677684932947,True,True,17,0.3280869338195771
83.0,0.0,sym,True,True,3,0.0781422599684447,True,True,13,0.4281148000154644
84.0,0.0,sym,True,True,3,0.08029123186133802,True,True,10,0.2226475819479674
85.0,0.0,sym,True,True,3,0.07922605006024241,True,True,9,0.2142369281500578
86.0,0.0,sym,True,True,2,0.07910521700978279,True,True,9,0.2141964971087873
87.0,0.0,sym,True,True,2,0.07917590602301061,True,True,8,0.19965179613791406
88.0,0.0,sym,True,True,2,0.07940404186956584,True,True,8,0.20706156408414245
89.0,0.0,sym,True,True,2,0.07910063094459474,True,True,7,0.19866527616977692
90.0,0.0,sym,True,True,2,0.0824098507873714,True,True,7,0.20485722203738987
91.0,0.0,sym,True,True,2,0.07707105414010584,True,True,6,0.23971382016316056
92.0,0.0,sym,True,True,2,0.07867880305275321,True,True,6,0.17165117291733623
93.0,0.0,sym,True,True,2,0.07562130619771779,True,True,6,0.18940736795775592
94.0,0.0,sym,True,True,2,0.07503059110604227,True,True,5,0.15386187401600182
95.0,0.0,sym,True,True,2,0.1245189260225743,True,True,4,0.18395207915455103
96.0,0.0,sym,True,True,2,0.05917803687043488,True,True,3,0.09923602896742523
97.0,0.0,sym,True,True,2,0.060030782129615545,True,True,3,0.10598202096298337
98.0,0.0,sym,True,True,2,0.05987259093672037,True,True,3,0.10288634384050965
99.0,0.0,sym,True,True,2,0.06298698391765356,True,True,2,0.09476003609597683
100.0,0.0,sym,True,True,1,0.057940694969147444,True,True,1,0.09686615085229278
101.0,0.0,sym,True,True,2,0.19538948312401772,True,True,2,0.08763695484958589
102.0,0.0,sym,True,True,2,0.05988508299924433,True,True,3,0.10617408808320761
103.0,0.0,sym,True,True,2,0.0597276350017637,True,True,3,0.11085594282485545
104.0,0.0,sym,True,True,2,0.05973720201291144,True,True,3,0.10056409891694784
105.0,0.0,sym,True,True,2,0.059734360082075,True,True,3,0.0997949920129031
106.0,0.0,sym,True,True,2,0.06074577895924449,True,True,4,0.11142773786559701
107.0,0.0,sym,True,True,2,0.05770733184181154,True,True,4,0.11196831916458905
108.0,0.0,sym,True,True,2,0.058819513069465756,True,True,4,0.11086000292561948
109.0,0.0,sym,True,True,2,0.05863325297832489,True,True,4,0.11340333288535476
70.0,0.0,asym+1,True,True,1,0.10833554109558463,True,True,25,0.5831414479762316
71.0,0.0,asym+1,True,True,1,0.11249860585667193,True,True,31,0.83961003087461
72.0,0.0,asym+1,True,True,1,0.11469514202326536,True,True,39,0.8260224119294435
73.0,0.0,asym+1,True,True,1,0.11322011798620224,True,True,45,1.0528455858584493
74.0,0.0,asym+1,True,True,2,0.11816733400337398,True,True,51,1.1147096757777035
75.0,0.0,asym+1,True,True,2,0.12220829701982439,True,True,59,1.170011302921921
76.0,0.0,asym+1,True,True,2,0.12170490296557546,True,True,67,1.3358154599554837
77.0,0.0,asym+1,True,True,2,0.1151082490105182,True,True,77,1.6055579429958016
78.0,0.0,asym+1,True,True,2,0.07595598301850259,True,True,8,0.20734135014936328
79.0,0.0,asym+1,True,True,2,0.07577297603711486,True,True,9,0.21497105690650642
80.0,0.0,asym+1,True,True,1,0.07420464302413166,True,True,10,0.23205146798864007
81.0,0.0,asym+1,True,True,1,0.07369083701632917,True,True,11,0.251224524108693
82.0,0.0,asym+1,True,True,1,0.07712737401016057,True,True,11,0.2509289861191064
83.0,0.0,asym+1,True,True,1,0.07828733487986028,True,True,12,0.44443932897411287
84.0,0.0,asym+1,True,True,1,0.07853848207741976,True,True,12,0.258878774009645
85.0,0.0,asym+1,True,True,1,0.07440557703375816,True,True,12,0.26220106589607894
86.0,0.0,asym+1,True,True,1,0.07407902297563851,True,True,12,0.2630374231375754
87.0,0.0,asym+1,True,True,1,0.07390192011371255,True,True,12,0.26115270610898733
88.0,0.0,asym+1,True,True,1,0.07389484206214547,True,True,12,0.3130809380672872
89.0,0.0,asym+1,True,True,1,0.07358274096623063,True,True,11,0.24838130199350417
90.0,0.0,asym+1,True,True,1,0.07398477289825678,True,True,10,0.24833358312025666
91.0,0.0,asym+1,True,True,1,0.07434090715833008,True,True,10,0.2552052950486541
92.0,0.0,asym+1,True,True,1,0.07298382208682597,True,True,10,0.30500080389901996
93.0,0.0,asym+1,True,True,1,0.07221698202192783,True,True,10,0.23161085904575884
94.0,0.0,asym+1,True,True,1,0.07197102904319763,True,True,11,0.24293238297104836
95.0,0.0,asym+1,True,True,4,0.06047528516501188,True,True,6,0.13570335693657398
96.0,0.0,asym+1,True,True,4,0.06048442097380757,True,True,5,0.1243402729742229
97.0,0.0,asym+1,True,True,4,0.059999027056619525,True,True,5,0.13224798999726772
98.0,0.0,asym+1,True,True,4,0.06138451397418976,True,True,5,0.13376598386093974
99.0,0.0,asym+1,True,True,4,0.06179353594779968,True,True,5,0.13307688804343343
100.0,0.0,asym+1,True,True,4,0.06173187890090048,True,True,4,0.12312776711769402
101.0,0.0,asym+1,True,True,4,0.061828698962926865,True,True,5,0.13282022578641772
102.0,0.0,asym+1,True,True,4,0.061651993077248335,True,True,5,0.12247745902277529
103.0,0.0,asym+1,True,True,4,0.061827634926885366,True,True,5,0.12426962400786579
104.0,0.0,asym+1,True,True,4,0.06194257992319763,True,True,6,0.13442161004059017
105.0,0.0,asym+1,True,True,4,0.062493456061929464,True,True,6,0.1362060969695449
106.0,0.0,asym+1,True,True,4,0.06167776393704116,True,True,6,0.13458748091943562
107.0,0.0,asym+1,True,True,4,0.06151701393537223,True,True,6,0.13355832011438906
108.0,0.0,asym+1,True,True,4,0.06163316802121699,True,True,6,0.134895795956254
109.0,0.0,asym+1,True,True,4,0.06197264022193849,True,True,6,0.13489943207241595
70.0,0.0,asym-1,True,True,1,0.1070693249348551,False,False,58,1.2163673101458699
71.0,0.0,asym-1,True,True,1,0.10603884886950254,False,False,22,0.5262197779957205
72.0,0.0,asym-1,True,True,1,0.1061299869325012,False,False,20,0.4766067969612777
73.0,0.0,asym-1,True,True,2,0.10841575707308948,False,False,20,0.6846199501305819
74.0,0.0,asym-1,True,True,2,0.11086084297858179,True,True,77,1.5440963141154498
75.0,0.0,asym-1,True,True,2,0.1110384629573673,False,False,15,0.4353580630850047
76.0,0.0,asym-1,True,True,2,0.11105618812143803,False,False,11,0.32598528917878866
77.0,0.0,asym-1,True,True,2,0.11306513007730246,False,False,10,0.31317807803861797
78.0,0.0,asym-1,True,True,4,0.07911148085258901,False,False,5,0.17388155381195247
79.0,0.0,asym-1,True,True,4,0.0792260691523552,False,False,5,0.1712415001820773
80.0,0.0,asym-1,True,True,5,0.08124549710191786,False,False,5,0.17524647410027683
81.0,0.0,asym-1,True,True,6,0.08290755981579423,False,False,5,0.22923851502127945
82.0,0.0,asym-1,True,True,6,0.08117064204998314,False,False,4,0.14116705185733736
83.0,0.0,asym-1,True,True,6,0.0799985050689429,False,False,5,0.15979946195147932
84.0,0.0,asym-1,True,True,7,0.08136222208850086,False,False,5,0.15408358396962285
85.0,0.0,asym-1,True,True,9,0.08540909294970334,False,False,5,0.16226317593827844
86.0,0.0,asym-1,True,True,13,0.09112620609812438,False,False,4,0.1396219120360911
87.0,0.0,asym-1,True,True,8,0.08337278198450804,False,False,4,0.14060064521618187
88.0,0.0,asym-1,True,True,7,0.08348707808181643,False,False,4,0.141817273106426
89.0,0.0,asym-1,True,True,7,0.08392828493379056,False,False,4,0.13940114295110106
90.0,0.0,asym-1,True,True,6,0.08232694980688393,False,False,4,0.1433401540853083
91.0,0.0,asym-1,True,True,6,0.08246706984937191,False,False,4,0.14246354484930634
92.0,0.0,asym-1,True,True,6,0.08230508514679968,False,False,4,0.13951431796886027
93.0,0.0,asym-1,True,True,5,0.0809682800900191,False,False,5,0.16259027901105583
94.0,0.0,asym-1,True,True,5,0.08051215903833508,False,False,4,0.1458600840996951
95.0,0.0,asym-1,True,True,4,0.06255018385127187,True,True,6,0.13741237111389637
96.0,0.0,asym-1,True,True,4,0.06075506191700697,True,True,5,0.14582203119061887
97.0,0.0,asym-1,True,True,4,0.06060472899116576,True,True,5,0.134245048975572
98.0,0.0,asym-1,True,True,4,0.060381385032087564,True,True,5,0.14013719698414207
99.0,0.0,asym-1,True,True,4,0.060202209977433085,True,True,5,0.15419565490446985
100.0,0.0,asym-1,True,True,4,0.06042613694444299,True,True,4,0.11454456299543381
101.0,0.0,asym-1,True,True,4,0.06034806719981134,True,True,5,0.12433511484414339
102.0,0.0,asym-1,True,True,4,0.0600479100830853,True,True,5,0.12528317887336016
103.0,0.0,asym-1,True,True,4,0.062285083811730146,True,True,5,0.12412765203043818
104.0,0.0,asym-1,True,True,4,0.06217823410406709,True,True,6,0.13552644080482423
105.0,0.0,asym-1,True,True,4,0.061985864071175456,True,True,6,0.14321944490075111
106.0,0.0,asym-1,True,True,4,0.06217177212238312,True,True,6,0.13674285006709397
107.0,0.0,asym-1,True,True,4,0.06220530089922249,True,True,6,0.13646869407966733
108.0,0.0,asym-1,True,True,4,0.062436569947749376,True,True,6,0.14064699318259954
109.0,0.0,asym-1,True,True,4,0.06206224695779383,True,True,7,0.14998138998635113
109.0,-0.1,asym+1@spine-,True,True,4,0.062115633161738515,True,True,10,0.1875933799892664
109.0,-0.2,asym+1@spine-,True,True,5,0.06340782507322729,True,True,15,0.25352771603502333
109.0,-0.3,asym+1@spine-,True,True,5,0.06402327213436365,True,True,22,0.3468587121460587
109.0,-0.4,asym+1@spine-,True,True,5,0.06265397695824504,True,True,34,0.47670380398631096
109.0,-0.5,asym+1@spine-,True,True,5,0.06196426693350077,True,True,57,0.8211141240317374
109.0,-0.6,asym+1@spine-,True,True,5,0.07006737194024026,False,False,17,0.2983178209979087
109.0,-0.7,asym+1@spine-,True,True,6,0.06547720497474074,False,False,11,0.2768314001150429
109.0,-0.8,asym+1@spine-,True,True,6,0.0694217358250171,False,False,8,0.16338049713522196
109.0,-0.9,asym+1@spine-,True,True,6,0.0689463410526514,False,False,8,0.1619191779755056
109.0,-1.0,asym+1@spine-,True,True,6,0.06977579998783767,False,False,7,0.14904901292175055
108.0,-0.1,asym+1@amp-0.10,True,True,4,0.06783730117604136,True,True,10,0.1864431428257376
107.0,-0.1,asym+1@amp-0.10,True,True,4,0.07128272205591202,True,True,10,0.18525254703126848
106.0,-0.1,asym+1@amp-0.10,True,True,4,0.12388846185058355,True,True,10,0.18672857410274446
105.0,-0.1,asym+1@amp-0.10,True,True,4,0.062346524093300104,True,True,10,0.18507492379285395
104.0,-0.1,asym+1@amp-0.10,True,True,4,0.06256020907312632,True,True,9,0.17239378998056054
103.0,-0.1,asym+1@amp-0.10,True,True,4,0.06541543616913259,True,True,9,0.17247454286552966
102.0,-0.1,asym+1@amp-0.10,True,True,4,0.06548577384091914,True,True,9,0.17103341314941645
101.0,-0.1,asym+1@amp-0.10,True,True,4,0.065638218075037,True,True,9,0.17110087699256837
100.0,-0.1,asym+1@amp-0.10,True,True,4,0.06534581421874464,True,True,9,0.17131405393593013
99.0,-0.1,asym+1@amp-0.10,True,True,4,0.06551454402506351,True,True,9,0.17271861201152205
98.0,-0.1,asym+1@amp-0.10,True,True,4,0.06278315279632807,True,True,9,0.17458193004131317
97.0,-0.1,asym+1@amp-0.10,True,True,4,0.06160028395242989,True,True,9,0.17405918100848794
96.0,-0.1,asym+1@amp-0.10,True,True,4,0.06227048393338919,True,True,9,0.17325712996535003
95.0,-0.1,asym+1@amp-0.10,True,True,4,0.06189795699901879,True,True,8,0.15920772892422974
94.0,-0.1,asym+1@amp-0.10,True,True,4,0.0616422719322145,True,True,8,0.1611327501013875
93.0,-0.1,asym+1@amp-0.10,True,True,4,0.06160426698625088,True,True,8,0.16522530396468937
92.0,-0.1,asym+1@amp-0.10,True,True,1,0.07452741009183228,True,True,14,0.32058668904937804
91.0,-0.1,asym+1@amp-0.10,True,True,1,0.07776334695518017,True,True,15,0.30426624487154186
90.0,-0.1,asym+1@amp-0.10,True,True,1,0.07820111699402332,True,True,15,0.3085756879299879
89.0,-0.1,asym+1@amp-0.10,True,False,1,0.07765442808158696,True,False,15,0.3110131120774895
88.0,-0.1,asym+1@amp-0.10,True,True,1,0.07385193789377809,True,True,15,0.2998398379422724
87.0,-0.1,asym+1@amp-0.10,True,True,1,0.07402302883565426,True,True,15,0.35145726311020553
86.0,-0.1,asym+1@amp-0.10,True,True,1,0.07379693305119872,True,True,14,0.35142085514962673
85.0,-0.1,asym+1@amp-0.10,True,True,1,0.07376989093609154,True,True,14,0.40326655097305775
84.0,-0.1,asym+1@amp-0.10,True,True,1,0.07371339993551373,True,True,13,0.29486439912579954
83.0,-0.1,asym+1@amp-0.10,True,True,1,0.07345593487843871,True,True,13,0.32167587894946337
82.0,-0.1,asym+1@amp-0.10,True,True,1,0.07345351995900273,True,True,12,0.3003413549158722
81.0,-0.1,asym+1@amp-0.10,True,True,1,0.0717480550520122,True,True,10,0.2990324730053544
80.0,-0.1,asym+1@amp-0.10,True,True,1,0.07863934291526675,True,True,9,0.2026008008979261
79.0,-0.1,asym+1@amp-0.10,True,True,1,0.07298394711688161,True,True,6,0.16954178106971085
78.0,-0.1,asym+1@amp-0.10,True,True,1,0.07447492121718824,True,True,7,0.18549285409972072
77.0,-0.1,asym+1@amp-0.10,True,True,1,0.07260307110846043,True,True,7,0.17843978595919907
76.0,-0.1,asym+1@amp-0.10,True,True,1,0.07397863222286105,True,True,7,0.1762372141238302
75.0,-0.1,asym+1@amp-0.10,True,True,2,0.1114894940983504,True,True,65,1.2915917560458183
74.0,-0.1,asym+1@amp-0.10,True,True,2,0.11127852206118405,True,True,58,1.2735924469307065
73.0,-0.1,asym+1@amp-0.10,True,True,2,0.111588966101408,True,True,53,1.0566470799967647
72.0,-0.1,asym+1@amp-0.10,True,True,2,0.11159727699123323,True,True,48,0.9770040940493345
71.0,-0.1,asym+1@amp-0.10,True,True,2,0.11144869215786457,True,True,43,1.0848034801892936
70.0,-0.1,asym+1@amp-0.10,True,True,2,0.11148260487243533,True,True,39,0.8165912718977779
69.0,-0.1,asym+1@amp-0.10,True,True,2,0.11040698294527829,True,True,35,0.7597607839852571
68.0,-0.1,asym+1@amp-0.10,True,True,2,0.10900077689439058,True,True,30,0.6592477560043335
67.0,-0.1,asym+1@amp-0.10,True,True,1,0.10621327301487327,True,True,19,0.5186262789648026
66.0,-0.1,asym+1@amp-0.10,True,True,1,0.10635345801711082,True,True,26,0.6005663860123605
65.0,-0.1,asym+1@amp-0.10,True,True,2,0.11066051083616912,True,True,28,0.600665409816429
64.0,-0.1,asym+1@amp-0.10,True,True,2,0.11136292899027467,False,False,13,0.3399070540908724
63.0,-0.1,asym+1@amp-0.10,True,True,1,0.10843429807573557,True,True,48,0.9324611520860344
108.0,-0.2,asym+1@amp-0.20,True,True,5,0.06323990505188704,True,True,15,0.23141152900643647
107.0,-0.2,asym+1@amp-0.20,True,True,5,0.06329285888932645,True,True,15,0.23262359900400043
106.0,-0.2,asym+1@amp-0.20,True,True,4,0.06177309388294816,True,True,14,0.21804556692950428
105.0,-0.2,asym+1@amp-0.20,True,True,4,0.06177777494303882,True,True,14,0.22099717590026557
104.0,-0.2,asym+1@amp-0.20,True,True,4,0.06175904395058751,True,True,14,0.23154641082510352
103.0,-0.2,asym+1@amp-0.20,True,True,4,0.06150587578304112,True,True,13,0.22274588304571807
102.0,-0.2,asym+1@amp-0.20,True,True,4,0.061547327088192105,True,True,13,0.23458845587447286
101.0,-0.2,asym+1@amp-0.20,True,True,4,0.06171742407605052,True,True,13,0.235569714801386
100.0,-0.2,asym+1@amp-0.20,True,True,4,0.07370184804312885,True,True,13,0.21343334391713142
99.0,-0.2,asym+1@amp-0.20,True,True,4,0.06000004708766937,True,True,13,0.2396477609872818
98.0,-0.2,asym+1@amp-0.20,True,True,4,0.06104791793040931,True,True,12,0.4113659979775548
97.0,-0.2,asym+1@amp-0.20,True,True,4,0.059962287079542875,True,True,12,0.19910123595036566
96.0,-0.2,asym+1@amp-0.20,True,True,4,0.06011612084694207,True,True,12,0.19967216299846768
95.0,-0.2,asym+1@amp-0.20,True,True,4,0.06036585406400263,True,True,11,0.19068946386687458
94.0,-0.2,asym+1@amp-0.20,True,True,4,0.06157647003419697,True,True,11,0.1878196131438017
93.0,-0.2,asym+1@amp-0.20,True,True,4,0.06184081803075969,True,True,11,0.18730332888662815
92.0,-0.2,asym+1@amp-0.20,True,True,4,0.06168183614499867,True,True,11,0.1894201331306249
91.0,-0.2,asym+1@amp-0.20,True,False,1,0.07976418198086321,True,False,12,0.2732249649707228
90.0,-0.2,asym+1@amp-0.20,True,False,1,0.0783579379785806,True,False,12,0.28427854808978736
89.0,-0.2,asym+1@amp-0.20,True,True,1,0.07840049406513572,True,True,13,0.3385074681136757
88.0,-0.2,asym+1@amp-0.20,True,True,1,0.07957974006421864,True,True,14,0.28137776092626154
87.0,-0.2,asym+1@amp-0.20,True,True,1,0.07897080993279815,True,True,15,0.2971135610714555
86.0,-0.2,asym+1@amp-0.20,True,True,1,0.07709241099655628,True,True,15,0.2939224410802126
85.0,-0.2,asym+1@amp-0.20,True,True,1,0.07318062894046307,True,True,16,0.3045231900177896
84.0,-0.2,asym+1@amp-0.20,True,False,1,0.0732759099919349,True,False,16,0.3113797861151397
83.0,-0.2,asym+1@amp-0.20,True,True,1,0.07302711112424731,True,True,15,0.29429547511972487
82.0,-0.2,asym+1@amp-0.20,True,True,1,0.07329776813276112,True,True,15,0.2956560510210693
81.0,-0.2,asym+1@amp-0.20,True,True,1,0.07318510906770825,True,True,14,0.27961669117212296
80.0,-0.2,asym+1@amp-0.20,True,True,1,0.07468014000914991,True,True,14,0.2929971639532596
79.0,-0.2,asym+1@amp-0.20,True,True,1,0.07531914603896439,True,True,13,0.27029399084858596
78.0,-0.2,asym+1@amp-0.20,True,True,1,0.07478896505199373,True,True,12,0.2559378179721534
77.0,-0.2,asym+1@amp-0.20,True,True,1,0.07884109090082347,True,True,11,0.23797501088120043
76.0,-0.2,asym+1@amp-0.20,True,True,1,0.07883434207178652,True,True,11,0.237291372846812
75.0,-0.2,asym+1@amp-0.20,True,True,1,0.13325260882265866,True,True,10,0.22153590992093086
74.0,-0.2,asym+1@amp-0.20,True,True,1,0.07978580496273935,True,True,9,0.20969808311201632
73.0,-0.2,asym+1@amp-0.20,True,True,2,0.13348665600642562,True,True,94,2.0576919089071453
72.0,-0.2,asym+1@amp-0.20,True,True,2,0.1181965849827975,True,True,80,1.5888129249215126
71.0,-0.2,asym+1@amp-0.20,True,True,2,0.1122423589695245,True,True,69,1.4831855411175638
70.0,-0.2,asym+1@amp-0.20,True,True,2,0.12484770407900214,True,True,58,1.1832786710001528
69.0,-0.2,asym+1@amp-0.20,True,True,2,0.11335408594459295,True,True,48,0.9642070007976145
68.0,-0.2,asym+1@amp-0.20,True,True,2,0.11580931884236634,True,True,35,0.7291513090021908
67.0,-0.2,asym+1@amp-0.20,True,True,2,0.11692970711737871,True,True,34,0.7154720379039645
66.0,-0.2,asym+1@amp-0.20,True,True,2,0.11646135803312063,True,True,34,0.7440281629096717
65.0,-0.2,asym+1@amp-0.20,True,True,1,0.11283919191919267,True,True,31,0.7009495480451733
64.0,-0.2,asym+1@amp-0.20,True,True,1,0.11146167013794184,True,True,25,0.6051075961440802
63.0,-0.2,asym+1@amp-0.20,True,True,1,0.11301743099465966,True,True,24,0.5510117949452251
62.0,-0.2,asym+1@amp-0.20,True,True,1,0.11232783109880984,True,True,27,0.5947159309871495
61.0,-0.2,asym+1@amp-0.20,True,True,1,0.10797466896474361,True,True,28,0.634694074979052
60.0,-0.2,asym+1@amp-0.20,True,True,1,0.10761968209408224,True,True,33,0.7623514339793473
108.0,-0.3,asym+1@amp-0.30,True,True,5,0.06672530598007143,True,True,22,0.3465144250076264
107.0,-0.3,asym+1@amp-0.30,True,True,5,0.06351643498055637,True,True,21,0.33344543096609414
106.0,-0.3,asym+1@amp-0.30,True,True,5,0.06405121693387628,True,True,21,0.36995356203988194
105.0,-0.3,asym+1@amp-0.30,True,True,5,0.06396564096212387,True,True,20,0.30330436397343874
104.0,-0.3,asym+1@amp-0.30,True,True,5,0.0643392528872937,True,True,20,0.31919486494734883
103.0,-0.3,asym+1@amp-0.30,True,True,5,0.06402182602323592,True,True,19,0.3317912679631263
102.0,-0.3,asym+1@amp-0.30,True,True,5,0.2857357419561595,True,True,19,0.27027348801493645
101.0,-0.3,asym+1@amp-0.30,True,True,5,0.06645260006189346,True,True,18,0.284811977064237
100.0,-0.3,asym+1@amp-0.30,True,True,5,0.0662988480180502,True,True,18,0.30787631310522556
99.0,-0.3,asym+1@amp-0.30,True,True,4,0.06503165094181895,True,True,18,0.2855303830001503
98.0,-0.3,asym+1@amp-0.30,True,True,4,0.06510372902266681,True,True,17,0.320609041955322
97.0,-0.3,asym+1@amp-0.30,True,True,4,0.0669135288335383,True,True,17,0.27354784216731787
96.0,-0.3,asym+1@amp-0.30,True,True,4,0.06488267611712217,True,True,16,0.25586163089610636
95.0,-0.3,asym+1@amp-0.30,True,True,4,0.06528613809496164,True,True,16,0.2662895228713751
94.0,-0.3,asym+1@amp-0.30,True,True,4,0.06496959505602717,True,True,16,0.25655531394295394
93.0,-0.3,asym+1@amp-0.30,True,True,4,0.06471190205775201,True,True,15,0.2492751581594348
92.0,-0.3,asym+1@amp-0.30,True,True,4,0.06443318095989525,True,True,15,0.23956264997832477
91.0,-0.3,asym+1@amp-0.30,True,True,4,0.06232298398390412,True,True,15,0.24081479012966156
90.0,-0.3,asym+1@amp-0.30,True,True,4,0.06211700919084251,True,True,14,0.22791066695936024
89.0,-0.3,asym+1@amp-0.30,True,False,1,0.07407686999067664,True,False,18,0.3440948340576142
88.0,-0.3,asym+1@amp-0.30,True,False,1,0.074643051950261,True,False,17,0.6118575888685882
87.0,-0.3,asym+1@amp-0.30,True,False,1,0.07517218706198037,True,False,16,0.3190570359583944
86.0,-0.3,asym+1@amp-0.30,True,False,1,0.07451330102048814,True,False,15,0.3904378591105342
85.0,-0.3,asym+1@amp-0.30,True,True,1,0.12656023795716465,True,True,13,0.34040176309645176
84.0,-0.3,asym+1@amp-0.30,True,True,1,0.07784749497659504,True,True,11,0.2454328688327223
83.0,-0.3,asym+1@amp-0.30,True,True,1,0.07778793689794838,True,True,12,0.24559372500516474
82.0,-0.3,asym+1@amp-0.30,True,True,1,0.0778341512195766,True,True,13,0.26416784105822444
81.0,-0.3,asym+1@amp-0.30,True,False,1,0.07743396190926433,True,False,14,0.32269582198932767
80.0,-0.3,asym+1@amp-0.30,True,False,1,0.07835048600099981,True,False,14,0.31369272083975375
79.0,-0.3,asym+1@amp-0.30,True,True,1,0.08337910799309611,True,True,14,0.36132169980555773
78.0,-0.3,asym+1@amp-0.30,True,True,1,0.08462859899736941,True,True,13,0.2745976890437305
77.0,-0.3,asym+1@amp-0.30,True,True,1,0.08337250188924372,True,True,13,0.2644700880628079
76.0,-0.3,asym+1@amp-0.30,True,True,1,0.0788461200427264,True,True,12,0.25490846182219684
75.0,-0.3,asym+1@amp-0.30,True,True,1,0.07925458205863833,True,True,12,0.2879341628868133
74.0,-0.3,asym+1@amp-0.30,True,True,1,0.08247300796210766,True,True,11,0.28106805495917797
73.0,-0.3,asym+1@amp-0.30,True,True,1,0.07466378598473966,True,True,10,0.23993979184888303
72.0,-0.3,asym+1@amp-0.30,True,True,1,0.0765897308010608,True,True,10,0.22686755703762174
71.0,-0.3,asym+1@amp-0.30,True,True,2,0.11742899101227522,False,False,193,3.6041612850967795
70.0,-0.3,asym+1@amp-0.30,True,True,2,0.11654351814649999,True,True,214,4.347248008009046
69.0,-0.3,asym+1@amp-0.30,True,True,2,0.11637560883536935,False,False,350,6.796267012832686
68.0,-0.3,asym+1@amp-0.30,True,True,2,0.1165534951724112,True,True,266,5.062373035121709
67.0,-0.3,asym+1@amp-0.30,True,True,2,0.11688413098454475,True,True,156,2.7966685430146754
66.0,-0.3,asym+1@amp-0.30,True,True,2,0.11675582500174642,True,True,110,2.315264007076621
65.0,-0.3,asym+1@amp-0.30,True,True,2,0.11397289694286883,True,True,83,1.9358123850543052
64.0,-0.3,asym+1@amp-0.30,True,True,2,0.11212292709387839,True,True,64,1.3810457522049546
63.0,-0.3,asym+1@amp-0.30,True,True,1,0.10872009699232876,True,True,46,1.0848526991903782
62.0,-0.3,asym+1@amp-0.30,True,True,1,0.10881647607311606,True,True,36,0.739193705143407
61.0,-0.3,asym+1@amp-0.30,True,True,2,0.11478833900764585,True,True,36,0.771224627038464
60.0,-0.3,asym+1@amp-0.30,True,True,2,0.11758287204429507,True,True,31,0.7111974579747766
59.0,-0.3,asym+1@amp-0.30,True,True,2,0.117212173063308,True,True,29,0.6226988779380918
58.0,-0.3,asym+1@amp-0.30,True,True,1,0.11407531192526221,True,True,35,0.7299668570049107
57.0,-0.3,asym+1@amp-0.30,True,True,2,0.11620449787005782,True,True,36,0.740509734954685
56.0,-0.3,asym+1@amp-0.30,True,True,1,0.11362523888237774,True,True,70,1.3853025939315557
108.0,-0.4,asym+1@amp-0.40,True,True,5,0.06700035510584712,True,True,33,0.6818073610775173
107.0,-0.4,asym+1@amp-0.40,True,True,5,0.06688899896107614,True,True,32,0.441728858044371
106.0,-0.4,asym+1@amp-0.40,True,True,5,0.0636946081649512,True,True,31,0.4302706739399582
105.0,-0.4,asym+1@amp-0.40,True,True,5,0.06378289498388767,True,True,30,0.4688798941206187
104.0,-0.4,asym+1@amp-0.40,True,True,5,0.06401501479558647,True,True,29,0.42044675000943244
103.0,-0.4,asym+1@amp-0.40,True,True,5,0.06384349311701953,True,True,28,0.4998537970241159
102.0,-0.4,asym+1@amp-0.40,True,True,5,0.06408575782552361,True,True,27,0.4465296948328614
101.0,-0.4,asym+1@amp-0.40,True,True,5,0.06392552400939167,True,True,27,0.3788453917950392
100.0,-0.4,asym+1@amp-0.40,True,True,5,0.06637314218096435,True,True,26,0.38997445488348603
99.0,-0.4,asym+1@amp-0.40,True,True,5,0.0666402189526707,True,True,25,0.38081720913760364
98.0,-0.4,asym+1@amp-0.40,True,True,5,0.06675605988129973,True,True,24,0.3437002128921449
97.0,-0.4,asym+1@amp-0.40,True,True,5,0.06716026016511023,True,True,24,0.34022195311263204
96.0,-0.4,asym+1@amp-0.40,True,True,5,0.06684709805995226,True,True,23,0.328447308158502
95.0,-0.4,asym+1@amp-0.40,True,True,5,0.06649739295244217,True,True,22,0.32116487598977983
94.0,-0.4,asym+1@amp-0.40,True,True,5,0.06760684004984796,True,True,22,0.31933909794315696
93.0,-0.4,asym+1@amp-0.40,True,True,4,0.06528345309197903,True,True,21,0.3153428479563445
92.0,-0.4,asym+1@amp-0.40,True,True,4,0.06619098782539368,True,True,20,0.296803608071059
91.0,-0.4,asym+1@amp-0.40,True,True,4,0.06584799801930785,True,True,20,0.30413216003216803
90.0,-0.4,asym+1@amp-0.40,True,True,4,0.06609055283479393,True,True,19,0.5059969630092382
89.0,-0.4,asym+1@amp-0.40,True,True,4,0.06420757598243654,True,True,19,0.28332163696177304
108.0,-0.5,asym+1@amp-0.50,True,True,5,0.0641681042034179,True,True,54,0.6924551418051124
107.0,-0.5,asym+1@amp-0.50,True,True,5,0.06440313090570271,True,True,52,0.7337763449177146
106.0,-0.5,asym+1@amp-0.50,True,True,5,0.06335240486077964,True,True,49,0.7188278830144554
105.0,-0.5,asym+1@amp-0.50,True,True,5,0.06420397711917758,True,True,47,0.6100554899312556
104.0,-0.5,asym+1@amp-0.50,True,True,5,0.06384750897996128,True,True,45,0.5921040931716561
103.0,-0.5,asym+1@amp-0.50,True,True,5,0.06470855115912855,True,True,43,0.5659233538899571
102.0,-0.5,asym+1@amp-0.50,True,True,5,0.06717516807839274,True,True,42,0.551462457049638
101.0,-0.5,asym+1@amp-0.50,True,True,5,0.0672825260553509,True,True,40,0.5556125061120838
100.0,-0.5,asym+1@amp-0.50,True,True,5,0.06709880917333066,True,True,38,0.5403420431539416
99.0,-0.5,asym+1@amp-0.50,True,True,5,0.06701918900944293,True,True,37,0.4850843360181898
98.0,-0.5,asym+1@amp-0.50,True,True,5,0.0671519348397851,True,True,35,0.7126890169456601
97.0,-0.5,asym+1@amp-0.50,True,True,5,0.06816401518881321,True,True,34,0.5127443410456181
96.0,-0.5,asym+1@amp-0.50,True,True,5,0.0673467880114913,True,True,33,0.5497081091161817
95.0,-0.5,asym+1@amp-0.50,True,True,5,0.06728705996647477,True,True,32,0.4833039529621601
94.0,-0.5,asym+1@amp-0.50,True,True,5,0.06724191806279123,True,True,30,0.5172251609619707
93.0,-0.5,asym+1@amp-0.50,True,True,5,0.06720827496610582,True,True,29,0.4022361550014466
92.0,-0.5,asym+1@amp-0.50,True,True,5,0.06685929512605071,True,True,28,0.38921285001561046
91.0,-0.5,asym+1@amp-0.50,True,True,5,0.06363865290768445,True,True,27,0.3732680478133261
90.0,-0.5,asym+1@amp-0.50,True,True,5,0.06361518893390894,True,True,26,0.3658187419641763
89.0,-0.5,asym+1@amp-0.50,True,True,5,0.06376665714196861,True,True,25,0.3703547378536314
88.0,-0.5,asym+1@amp-0.50,True,True,4,0.0621305329259485,True,True,25,0.3489030401688069
87.0,-0.5,asym+1@amp-0.50,True,True,4,0.06278728903271258,True,True,24,0.35797410807572305
86.0,-0.5,asym+1@amp-0.50,True,True,4,0.06253675511106849,True,True,23,0.38067755987867713
85.0,-0.5,asym+1@amp-0.50,True,False,1,0.07717709802091122,True,False,24,0.42073586699552834
84.0,-0.5,asym+1@amp-0.50,True,False,1,0.07690611318685114,True,False,23,0.4766890900209546
83.0,-0.5,asym+1@amp-0.50,True,False,1,0.07796780695207417,True,False,22,0.43597484985366464
82.0,-0.5,asym+1@amp-0.50,True,False,1,0.07863016799092293,True,False,21,0.704804188106209
81.0,-0.5,asym+1@amp-0.50,True,True,1,0.07863266905769706,True,True,21,0.43469915515743196
80.0,-0.5,asym+1@amp-0.50,True,True,1,0.07912997505627573,True,True,20,0.4000693969428539
79.0,-0.5,asym+1@amp-0.50,True,True,1,0.07862804993055761,True,True,19,0.4123450310435146
78.0,-0.5,asym+1@amp-0.50,True,True,1,0.07828272902406752,True,True,19,0.3505082328338176
77.0,-0.5,asym+1@amp-0.50,True,True,1,0.07521386398002505,True,True,19,0.4444450659211725
76.0,-0.5,asym+1@amp-0.50,True,True,1,0.07422360288910568,True,True,19,0.40296657709404826
75.0,-0.5,asym+1@amp-0.50,True,True,1,0.07438203389756382,True,True,18,0.457620213041082
74.0,-0.5,asym+1@amp-0.50,True,True,1,0.07456971006467938,True,True,18,0.36261863983236253
73.0,-0.5,asym+1@amp-0.50,True,True,1,0.07435226486995816,True,True,18,0.34014863800257444
72.0,-0.5,asym+1@amp-0.50,True,True,1,0.07770476397126913,True,True,17,0.3946802970021963
71.0,-0.5,asym+1@amp-0.50,True,True,1,0.07715098094195127,True,True,16,0.30228587496094406
70.0,-0.5,asym+1@amp-0.50,True,True,1,0.07730233995243907,True,True,15,0.2880933720152825
69.0,-0.5,asym+1@amp-0.50,True,True,1,0.07781250705011189,True,True,15,0.31485907384194434
68.0,-0.5,asym+1@amp-0.50,True,True,1,0.07786684203892946,True,True,15,0.2742381028365344
67.0,-0.5,asym+1@amp-0.50,True,True,1,0.07740912400186062,True,True,14,0.26277040783315897
66.0,-0.5,asym+1@amp-0.50,True,True,2,0.17737548402510583,False,False,96,1.7250051628798246
65.0,-0.5,asym+1@amp-0.50,True,True,2,0.14072450203821063,False,False,245,4.512357387924567
64.0,-0.5,asym+1@amp-0.50,True,True,2,0.12103911815211177,True,True,147,3.154130803886801
63.0,-0.5,asym+1@amp-0.50,True,True,2,0.11760841310024261,True,True,99,2.332891196012497
62.0,-0.5,asym+1@amp-0.50,True,True,2,0.11467369296588004,True,True,111,2.1391507198568434
61.0,-0.5,asym+1@amp-0.50,True,True,2,0.11672088992781937,True,True,134,2.792601973982528
60.0,-0.5,asym+1@amp-0.50,True,True,2,0.1244922480545938,True,True,178,3.646778197027743
59.0,-0.5,asym+1@amp-0.50,True,True,2,0.12831810396164656,False,False,286,5.554603805067018
58.0,-0.5,asym+1@amp-0.50,True,True,2,0.127014891942963,False,False,350,6.979938708944246
57.0,-0.5,asym+1@amp-0.50,True,True,2,0.12740669096820056,False,False,350,6.667147611966357
56.0,-0.5,asym+1@amp-0.50,True,True,2,0.1276790949050337,True,True,208,3.755454070866108
55.0,-0.5,asym+1@amp-0.50,True,True,2,0.12559705204330385,True,True,119,2.1473287211265415
54.0,-0.5,asym+1@amp-0.50,True,True,1,0.11127168196253479,True,True,66,1.3709847040008754
53.0,-0.5,asym+1@amp-0.50,True,True,1,0.11121597397141159,True,True,63,1.4400668870657682
52.0,-0.5,asym+1@amp-0.50,True,True,2,0.11178245791234076,True,True,92,1.8330822130665183
51.0,-0.5,asym+1@amp-0.50,True,True,6,0.12300122599117458,False,False,67,1.4499880829825997
50.0,-0.5,asym+1@amp-0.50,True,True,1,0.12062287679873407,False,False,336,6.178718046983704
108.0,-0.6,asym+1@amp-0.60,True,True,5,0.06813456490635872,True,True,120,1.7718609690200537
107.0,-0.6,asym+1@amp-0.60,True,True,5,0.06947666313499212,True,True,107,1.501613293075934
106.0,-0.6,asym+1@amp-0.60,True,True,5,0.06882216199301183,True,True,97,1.2418371008243412
105.0,-0.6,asym+1@amp-0.60,True,True,5,0.06987074995413423,True,True,89,1.026417724089697
104.0,-0.6,asym+1@amp-0.60,True,True,5,0.0667095840908587,True,True,82,0.9625139308627695
103.0,-0.6,asym+1@amp-0.60,True,True,5,0.06669181608594954,True,True,77,1.2208131849765778
102.0,-0.6,asym+1@amp-0.60,True,True,5,0.06867989897727966,True,True,71,0.8449360691010952
101.0,-0.6,asym+1@amp-0.60,True,True,5,0.0682838368229568,True,True,67,0.8503134050406516
100.0,-0.6,asym+1@amp-0.60,True,True,5,0.0663348960224539,True,True,63,0.8525143321603537
99.0,-0.6,asym+1@amp-0.60,True,True,5,0.06398708280175924,True,True,59,0.7603671799879521
98.0,-0.6,asym+1@amp-0.60,True,True,5,0.0644237631931901,True,True,56,0.6430892578791827
97.0,-0.6,asym+1@amp-0.60,True,True,5,0.06476381001994014,True,True,53,0.6198392549995333
96.0,-0.6,asym+1@amp-0.60,True,True,5,0.06432394706644118,True,True,50,0.5796983821783215
95.0,-0.6,asym+1@amp-0.60,True,True,5,0.06692828703671694,True,True,47,0.5448309048078954
94.0,-0.6,asym+1@amp-0.60,True,True,5,0.06406134413555264,True,True,45,0.7233950910158455
93.0,-0.6,asym+1@amp-0.60,True,True,5,0.06832137191668153,True,True,43,0.51776585704647
92.0,-0.6,asym+1@amp-0.60,True,True,5,0.06842513498850167,True,True,41,0.5658627219963819
91.0,-0.6,asym+1@amp-0.60,True,True,5,0.08032583608292043,True,True,39,0.4967678820248693
90.0,-0.6,asym+1@amp-0.60,True,True,5,0.06870101788081229,True,True,37,0.5385467989835888
89.0,-0.6,asym+1@amp-0.60,True,True,5,0.0688269380480051,True,True,35,0.428209715988487
88.0,-0.6,asym+1@amp-0.60,True,True,5,0.06872485089115798,True,True,34,0.41659038001671433
87.0,-0.6,asym+1@amp-0.60,True,True,5,0.07000365783460438,True,True,32,0.3925345439929515
86.0,-0.6,asym+1@amp-0.60,True,True,5,0.06678161397576332,True,True,31,0.4082243249285966
85.0,-0.6,asym+1@amp-0.60,True,True,5,0.06899730884470046,True,True,30,0.3890543938614428
84.0,-0.6,asym+1@amp-0.60,True,True,5,0.06874250900000334,True,True,29,0.3647331949323416
83.0,-0.6,asym+1@amp-0.60,True,False,1,0.07783927698619664,True,False,43,0.744675847934559
82.0,-0.6,asym+1@amp-0.60,True,False,1,0.07431932887993753,True,False,43,0.7578292859252542
81.0,-0.6,asym+1@amp-0.60,True,False,1,0.0750784371048212,True,False,41,1.0247450650203973
80.0,-0.6,asym+1@amp-0.60,True,False,1,0.0842831979971379,True,False,39,0.7288037817925215
79.0,-0.6,asym+1@amp-0.60,True,False,1,0.07633936894126236,True,False,37,0.7858306930866092
78.0,-0.6,asym+1@amp-0.60,True,False,1,0.07993735885247588,True,False,36,0.7815139091107994
77.0,-0.6,asym+1@amp-0.60,True,True,1,0.08438299386762083,True,True,33,0.659732619067654
76.0,-0.6,asym+1@amp-0.60,True,True,1,0.07884552492760122,True,True,31,0.6692749038338661
75.0,-0.6,asym+1@amp-0.60,True,True,1,0.07753559504635632,True,True,29,0.5694972579367459
74.0,-0.6,asym+1@amp-0.60,True,True,1,0.0789076341316104,True,True,25,0.49872385896742344
73.0,-0.6,asym+1@amp-0.60,True,True,1,0.07926996401511133,True,True,23,0.449151414912194
72.0,-0.6,asym+1@amp-0.60,True,True,1,0.07943708915263414,True,True,15,0.3415464321151376
71.0,-0.6,asym+1@amp-0.60,True,True,1,0.08035457297228277,True,True,19,0.36364854499697685
70.0,-0.6,asym+1@amp-0.60,True,True,1,0.08133696601726115,True,True,21,0.4234693569596857
69.0,-0.6,asym+1@amp-0.60,True,True,1,0.08183857798576355,True,True,20,0.40483200806193054
68.0,-0.6,asym+1@amp-0.60,True,True,1,0.07607728010043502,True,True,19,0.3554652607999742
67.0,-0.6,asym+1@amp-0.60,True,True,1,0.07443114696070552,True,True,19,0.3639864830765873
66.0,-0.6,asym+1@amp-0.60,True,True,2,0.07535043801181018,True,True,19,0.3759464619215578
65.0,-0.6,asym+1@amp-0.60,True,True,2,0.07609883812256157,True,True,19,0.36819210508838296
64.0,-0.6,asym+1@amp-0.60,True,True,2,0.1114393980242312,True,True,77,1.8321664659306407
63.0,-0.6,asym+1@amp-0.60,True,True,2,0.12119718315079808,False,False,28,0.6124542630277574
62.0,-0.6,asym+1@amp-0.60,True,True,2,0.11939205299131572,False,False,28,0.6006459600757807
61.0,-0.6,asym+1@amp-0.60,True,True,2,0.12272087601013482,True,True,105,2.235627805115655
60.0,-0.6,asym+1@amp-0.60,True,True,2,0.11648419313132763,True,True,140,2.397301462944597
59.0,-0.6,asym+1@amp-0.60,True,True,2,0.11566135194152594,False,False,50,0.963756165932864
58.0,-0.6,asym+1@amp-0.60,True,True,2,0.11611973401159048,False,False,43,0.8059174469672143
57.0,-0.6,asym+1@amp-0.60,True,True,2,0.1163188989739865,False,False,52,0.975034527014941
56.0,-0.6,asym+1@amp-0.60,True,True,2,0.1114893548656255,False,False,53,0.9950626748614013
55.0,-0.6,asym+1@amp-0.60,True,True,2,0.11187949986197054,False,False,76,1.5669525519479066
54.0,-0.6,asym+1@amp-0.60,True,True,2,0.11141782300546765,False,False,125,2.2284739990718663
53.0,-0.6,asym+1@amp-0.60,True,True,1,0.10846121003851295,False,False,350,6.4008951738942415
52.0,-0.6,asym+1@amp-0.60,True,True,1,0.11270668799988925,True,True,285,5.1337432221043855
51.0,-0.6,asym+1@amp-0.60,True,True,2,0.11697980319149792,True,True,189,3.1732427780516446
50.0,-0.6,asym+1@amp-0.60,True,True,2,0.11584134283475578,True,True,144,2.5192211179528385
49.0,-0.6,asym+1@amp-0.60,True,True,2,0.36910597095265985,True,True,162,3.018518465105444
48.0,-0.6,asym+1@amp-0.60,True,True,1,0.11534402309916914,True,True,286,5.147380277048796
108.0,-0.7,asym+1@amp-0.70,True,True,6,0.07137535512447357,False,False,10,0.16451530205085874
107.0,-0.7,asym+1@amp-0.70,True,True,5,0.06402782304212451,False,False,10,0.1656212559901178
106.0,-0.7,asym+1@amp-0.70,True,True,5,0.06333161098882556,False,False,11,0.17907596612349153
105.0,-0.7,asym+1@amp-0.70,True,True,5,0.06407873798161745,False,False,15,0.21654291520826519
104.0,-0.7,asym+1@amp-0.70,True,True,5,0.06433956697583199,False,False,12,0.1949166830163449
103.0,-0.7,asym+1@amp-0.70,True,True,5,0.06390979397110641,False,False,15,0.22430659201927483
102.0,-0.7,asym+1@amp-0.70,True,True,5,0.06440225103870034,False,False,22,0.3002245610114187
101.0,-0.7,asym+1@amp-0.70,True,True,5,0.0675017039757222,True,True,155,2.2067775449249893
100.0,-0.7,asym+1@amp-0.70,True,True,5,0.06742874393239617,True,True,134,1.7048759460449219
99.0,-0.7,asym+1@amp-0.70,True,True,5,0.06714773690328002,True,True,119,1.388251163996756
98.0,-0.7,asym+1@amp-0.70,True,True,5,0.06747419899329543,True,True,106,1.3111167789902538
97.0,-0.7,asym+1@amp-0.70,True,True,5,0.06755305803380907,True,True,96,1.427055855980143
96.0,-0.7,asym+1@amp-0.70,True,True,5,0.06723380601033568,True,True,87,1.1987396909389645
95.0,-0.7,asym+1@amp-0.70,True,True,5,0.06717718509025872,True,True,80,1.0588689469732344
94.0,-0.7,asym+1@amp-0.70,True,True,5,0.06719313701614738,True,True,74,0.963601685129106
93.0,-0.7,asym+1@amp-0.70,True,True,5,0.06769433291628957,True,True,68,0.8164030769839883
92.0,-0.7,asym+1@amp-0.70,True,True,5,0.06840893207117915,True,True,63,0.801956663839519
91.0,-0.7,asym+1@amp-0.70,True,True,5,0.06731811491772532,True,True,59,0.7655422959942371
90.0,-0.7,asym+1@amp-0.70,True,True,5,0.06429446116089821,True,True,55,0.7318740170449018
89.0,-0.7,asym+1@amp-0.70,True,True,5,0.06387740792706609,True,True,52,0.922589116031304
88.0,-0.7,asym+1@amp-0.70,True,True,5,0.07299160491675138,True,True,49,0.72352827899158
87.0,-0.7,asym+1@amp-0.70,True,True,5,0.06546956207603216,True,True,46,0.7413561870343983
86.0,-0.7,asym+1@amp-0.70,True,True,5,0.07087286491878331,True,True,43,0.5939944800920784
85.0,-0.7,asym+1@amp-0.70,True,True,5,0.06908246711827815,True,True,41,0.6964590561110526
84.0,-0.7,asym+1@amp-0.70,True,True,5,0.07301760790869594,True,True,39,0.6011821459978819
83.0,-0.7,asym+1@amp-0.70,True,True,5,0.07308952417224646,True,True,37,0.5074593569152057
82.0,-0.7,asym+1@amp-0.70,True,True,5,0.07664655707776546,True,True,35,0.44978215196169913
81.0,-0.7,asym+1@amp-0.70,True,False,1,0.1458145440556109,True,False,105,1.4427122799679637
80.0,-0.7,asym+1@amp-0.70,True,False,1,0.07909495010972023,True,False,97,1.464430004125461
79.0,-0.7,asym+1@amp-0.70,True,False,1,0.07873578881844878,True,False,89,1.68362414999865
78.0,-0.7,asym+1@amp-0.70,True,False,1,0.07831798889674246,True,False,81,1.2769492308143526
77.0,-0.7,asym+1@amp-0.70,True,False,1,0.07850367296487093,True,False,73,1.1958462588954717
76.0,-0.7,asym+1@amp-0.70,True,False,1,0.07838611910119653,True,False,66,0.9586668279953301
75.0,-0.7,asym+1@amp-0.70,True,False,1,0.07518414594233036,True,False,64,0.9704970379825681
74.0,-0.7,asym+1@amp-0.70,True,False,1,0.07477758615277708,True,False,57,0.8563949351664633
73.0,-0.7,asym+1@amp-0.70,True,True,1,0.0744683628436178,True,True,50,0.7559896579477936
72.0,-0.7,asym+1@amp-0.70,True,True,1,0.07492225896567106,True,True,49,0.7356919210869819
71.0,-0.7,asym+1@amp-0.70,True,True,1,0.0758010670542717,True,True,41,0.8574627009220421
70.0,-0.7,asym+1@amp-0.70,True,True,1,0.07549197692424059,True,True,41,0.6631576002109796
69.0,-0.7,asym+1@amp-0.70,True,True,1,0.07997265690937638,True,True,33,0.5223589490633458
68.0,-0.7,asym+1@amp-0.70,True,True,1,0.07749549602158368,True,True,33,0.5808131759986281
67.0,-0.7,asym+1@amp-0.70,True,True,1,0.07741486397571862,True,True,23,0.5033868339378387
66.0,-0.7,asym+1@amp-0.70,True,True,1,0.07750769192352891,True,True,25,0.5267228879965842
65.0,-0.7,asym+1@amp-0.70,True,True,2,0.07966189505532384,True,True,23,0.40076340921223164
64.0,-0.7,asym+1@amp-0.70,True,True,2,0.07950496696867049,True,True,28,0.4617902929894626
63.0,-0.7,asym+1@amp-0.70,True,True,2,0.0803251841571182,True,True,30,0.4887810319196433
62.0,-0.7,asym+1@amp-0.70,True,True,3,0.1205228129401803,False,False,18,0.45388896809890866
61.0,-0.7,asym+1@amp-0.70,True,True,3,0.11790525889955461,False,False,24,0.5295988279394805
60.0,-0.7,asym+1@amp-0.70,True,True,2,0.11198984179645777,False,False,19,0.44033522182144225
59.0,-0.7,asym+1@amp-0.70,True,True,2,0.11211125715635717,False,False,21,0.4662008478771895
58.0,-0.7,asym+1@amp-0.70,True,True,2,0.11120650405064225,False,False,22,0.5045883951243013
57.0,-0.7,asym+1@amp-0.70,True,True,2,0.11500852112658322,False,False,26,0.5584953189827502
56.0,-0.7,asym+1@amp-0.70,True,True,2,0.11625030799768865,False,False,28,0.5744269518181682
55.0,-0.7,asym+1@amp-0.70,True,True,2,0.11944263707846403,False,False,33,0.6605575629509985
54.0,-0.7,asym+1@amp-0.70,True,True,2,0.12334194709546864,False,False,37,0.7149500360246748
53.0,-0.7,asym+1@amp-0.70,True,True,2,0.122869195882231,False,False,42,1.082166917156428
52.0,-0.7,asym+1@amp-0.70,True,True,2,0.12402696209028363,False,False,56,1.0723737839143723
51.0,-0.7,asym+1@amp-0.70,True,True,2,0.11650529899634421,False,False,78,1.5383658478967845
50.0,-0.7,asym+1@amp-0.70,True,True,2,0.11648793099448085,False,False,203,3.572793663945049
49.0,-0.7,asym+1@amp-0.70,True,True,2,0.11432777112349868,False,False,350,6.387946319999173
48.0,-0.7,asym+1@amp-0.70,True,True,2,0.1144732569810003,True,True,243,5.06642488297075
47.0,-0.7,asym+1@amp-0.70,True,True,2,0.11576739605516195,True,True,170,3.1383719050791115
46.0,-0.7,asym+1@amp-0.70,True,True,2,0.11867681797593832,True,True,164,3.3274716360028833
108.0,-0.8,asym+1@amp-0.80,True,True,6,0.07243528706021607,False,False,9,0.22024718904867768
107.0,-0.8,asym+1@amp-0.80,True,True,6,0.06804924295283854,False,False,9,0.18491684109903872
106.0,-0.8,asym+1@amp-0.80,True,True,6,0.06818086607381701,False,False,9,0.1854871220421046
105.0,-0.8,asym+1@amp-0.80,True,True,6,0.06801446690224111,False,False,10,0.19930112501606345
104.0,-0.8,asym+1@amp-0.80,True,True,6,0.06829696684144437,False,False,11,0.2375582349486649
103.0,-0.8,asym+1@amp-0.80,True,True,6,0.06813337211497128,False,False,10,0.2895314618945122
102.0,-0.8,asym+1@amp-0.80,True,True,5,0.06657591299153864,False,False,10,0.16925577889196575
101.0,-0.8,asym+1@amp-0.80,True,True,5,0.0664996369741857,False,False,11,0.1786471961531788
100.0,-0.8,asym+1@amp-0.80,True,True,5,0.06647791806608438,False,False,11,0.19821359403431416
99.0,-0.8,asym+1@amp-0.80,True,True,5,0.06473230803385377,False,False,14,0.22857020399533212
98.0,-0.8,asym+1@amp-0.80,True,True,5,0.0644766699988395,False,False,18,0.2733243729453534
97.0,-0.8,asym+1@amp-0.80,True,True,5,0.06381477601826191,False,False,22,0.3056740779429674
96.0,-0.8,asym+1@amp-0.80,True,True,5,0.06382288807071745,True,True,235,2.6831684270873666
95.0,-0.8,asym+1@amp-0.80,True,True,5,0.06415826501324773,True,True,187,2.45610538800247
94.0,-0.8,asym+1@amp-0.80,True,True,5,0.0640903830062598,True,True,156,1.823365479009226
93.0,-0.8,asym+1@amp-0.80,True,True,5,0.06626965687610209,True,True,134,1.470097006065771
92.0,-0.8,asym+1@amp-0.80,True,True,5,0.06639001402072608,True,True,116,1.3267909600399435
91.0,-0.8,asym+1@amp-0.80,True,True,5,0.06655245600268245,True,True,103,1.3817376198712736
90.0,-0.8,asym+1@amp-0.80,True,True,5,0.06641748803667724,True,True,92,1.139914363855496
89.0,-0.8,asym+1@amp-0.80,True,True,5,0.06634363089688122,True,True,83,1.1914091440849006
88.0,-0.8,asym+1@amp-0.80,True,True,5,0.06719514518044889,True,True,75,0.8920635019894689
87.0,-0.8,asym+1@amp-0.80,True,True,5,0.06640789797529578,True,True,69,0.7876859700772911
86.0,-0.8,asym+1@amp-0.80,True,True,5,0.06734815100207925,True,True,63,0.7330187698826194
85.0,-0.8,asym+1@amp-0.80,True,True,5,0.06688797893002629,True,True,59,0.6799390900414437
84.0,-0.8,asym+1@amp-0.80,True,True,5,0.06685143779031932,True,True,54,0.8428826660383493
83.0,-0.8,asym+1@amp-0.80,True,True,5,0.06650696904398501,True,True,51,0.6029557639267296
82.0,-0.8,asym+1@amp-0.80,True,True,5,0.06464737886562943,True,True,47,0.5961920320987701
81.0,-0.8,asym+1@amp-0.80,True,True,5,0.06380603089928627,True,True,44,0.5445793860126287
80.0,-0.8,asym+1@amp-0.80,True,True,5,0.06441466812975705,True,True,42,0.5890958460513502
79.0,-0.8,asym+1@amp-0.80,True,False,1,0.07538086408749223,False,False,350,5.120983848115429
78.0,-0.8,asym+1@amp-0.80,True,False,1,0.3291200581006706,False,False,350,5.8969515869393945
77.0,-0.8,asym+1@amp-0.80,True,False,1,0.07964746514335275,False,False,350,5.613487788941711
76.0,-0.8,asym+1@amp-0.80,True,False,1,0.08011545706540346,False,False,350,5.297738268040121
75.0,-0.8,asym+1@amp-0.80,True,False,1,0.07771263690665364,False,False,52,0.7822604321409017
74.0,-0.8,asym+1@amp-0.80,True,False,1,0.07756490702740848,False,False,44,0.6387801680248231
73.0,-0.8,asym+1@amp-0.80,True,False,1,0.0778801420237869,False,False,40,0.597413978073746
72.0,-0.8,asym+1@amp-0.80,True,False,1,0.07753007905557752,False,False,38,0.8572963969781995
71.0,-0.8,asym+1@amp-0.80,True,False,1,0.07776209502480924,False,False,38,0.6081407039891928
70.0,-0.8,asym+1@amp-0.80,True,True,1,0.07781400997191668,False,False,38,0.5803293760400265
69.0,-0.8,asym+1@amp-0.80,True,True,1,0.07773090316914022,False,False,40,0.6932600429281592
68.0,-0.8,asym+1@amp-0.80,True,True,1,0.07477747113443911,False,False,42,0.737351001938805
67.0,-0.8,asym+1@amp-0.80,True,True,1,0.07468380499631166,False,False,46,0.7842050578910857
66.0,-0.8,asym+1@amp-0.80,True,True,1,0.07454121299088001,False,False,54,0.8187557300552726
65.0,-0.8,asym+1@amp-0.80,True,True,1,0.07550120493397117,False,False,73,1.0065120188519359
64.0,-0.8,asym+1@amp-0.80,True,True,1,0.07530119200237095,True,True,223,3.214016822166741
63.0,-0.8,asym+1@amp-0.80,True,True,1,0.07749890605919063,True,True,194,2.8320015179924667
62.0,-0.8,asym+1@amp-0.80,True,True,1,0.07798994798213243,True,True,191,2.61698369984515
61.0,-0.8,asym+1@amp-0.80,True,True,1,0.07761864806525409,True,True,202,2.8611955270171165
60.0,-0.8,asym+1@amp-0.80,True,True,3,0.2117460228037089,True,True,66,1.16573253297247
59.0,-0.8,asym+1@amp-0.80,True,True,3,0.12546280003152788,False,False,19,0.46496287710033357
58.0,-0.8,asym+1@amp-0.80,True,True,2,0.12265180703252554,False,False,17,0.43060513120144606
57.0,-0.8,asym+1@amp-0.80,True,True,2,0.12189600989222527,False,False,19,0.4163946700282395
56.0,-0.8,asym+1@amp-0.80,True,True,2,0.11671360186301172,False,False,22,0.47699635685421526
55.0,-0.8,asym+1@amp-0.80,True,True,2,0.11308155092410743,False,False,22,0.5462572597898543
54.0,-0.8,asym+1@amp-0.80,True,True,2,0.11591846914961934,False,False,23,0.5899760730098933
53.0,-0.8,asym+1@amp-0.80,True,True,2,0.11602959292940795,False,False,24,0.5255127211567014
52.0,-0.8,asym+1@amp-0.80,True,True,2,0.12447281810455024,False,False,29,0.5994894860778004
51.0,-0.8,asym+1@amp-0.80,True,True,2,0.12416884419508278,False,False,35,0.6860301629640162
50.0,-0.8,asym+1@amp-0.80,True,True,2,0.12277855607680976,False,False,37,0.7118209218606353
49.0,-0.8,asym+1@amp-0.80,True,True,2,0.12224624492228031,False,False,57,1.0353369030635804
48.0,-0.8,asym+1@amp-0.80,True,True,2,0.18279267195612192,False,False,86,1.7360781759489328
47.0,-0.8,asym+1@amp-0.80,True,True,2,0.11463629500940442,False,False,344,6.576118924887851
46.0,-0.8,asym+1@amp-0.80,True,True,1,0.10902555217035115,True,True,232,4.566158402943984
45.0,-0.8,asym+1@amp-0.80,True,True,2,0.11108165280893445,True,True,131,2.490907086059451
44.0,-0.8,asym+1@amp-0.80,True,True,3,0.11379564902745187,False,False,21,0.45177325513213873
43.0,-0.8,asym+1@amp-0.80,True,True,1,0.10905177402310073,True,True,161,3.0810991250909865
108.0,-0.9,asym+1@amp-0.90,True,True,6,0.06653985707089305,False,False,6,0.13465320109389722
107.0,-0.9,asym+1@amp-0.90,True,True,6,0.06709943409077823,False,False,7,0.16305039497092366
106.0,-0.9,asym+1@amp-0.90,True,True,6,0.06693944986909628,False,False,8,0.15598183684051037
105.0,-0.9,asym+1@amp-0.90,True,True,6,0.067237300099805,False,False,8,0.15597700397484004
104.0,-0.9,asym+1@amp-0.90,True,True,6,0.06689831800758839,False,False,8,0.1630102840717882
103.0,-0.9,asym+1@amp-0.90,True,True,6,0.06667998596094549,False,False,9,0.17971997591666877
102.0,-0.9,asym+1@amp-0.90,True,True,6,0.06752776401117444,False,False,10,0.18492948194034398
101.0,-0.9,asym+1@amp-0.90,True,True,6,0.06658379593864083,False,False,10,0.18308405205607414
100.0,-0.9,asym+1@amp-0.90,True,True,6,0.06653935508802533,False,False,11,0.1853901189751923
99.0,-0.9,asym+1@amp-0.90,True,True,5,0.06558262184262276,False,False,9,0.1659640329889953
98.0,-0.9,asym+1@amp-0.90,True,True,5,0.06530006509274244,False,False,10,0.18494323990307748
97.0,-0.9,asym+1@amp-0.90,True,True,5,0.06364350905641913,False,False,12,0.2181418149266392
96.0,-0.9,asym+1@amp-0.90,True,True,5,0.06325898296199739,False,False,12,0.21558769489638507
95.0,-0.9,asym+1@amp-0.90,True,True,5,0.06330946809612215,False,False,14,0.24375273403711617
94.0,-0.9,asym+1@amp-0.90,True,True,5,0.06297943298704922,False,False,15,0.2715230758767575
93.0,-0.9,asym+1@amp-0.90,True,True,5,0.06362921395339072,False,False,22,0.30613683513365686
92.0,-0.9,asym+1@amp-0.90,True,True,5,0.06318570813164115,False,False,350,4.494501795154065
91.0,-0.9,asym+1@amp-0.90,True,True,5,0.06362044089473784,True,True,269,3.259377930080518
90.0,-0.9,asym+1@amp-0.90,True,True,5,0.06517871096730232,True,True,205,2.9192669559270144
89.0,-0.9,asym+1@amp-0.90,True,True,5,0.0649509581271559,True,True,166,2.3198033950757235
88.0,-0.9,asym+1@amp-0.90,True,True,5,0.0646310979500413,True,True,139,1.8218796539586037
87.0,-0.9,asym+1@amp-0.90,True,True,5,0.06500073010101914,True,True,119,1.4873337249737233
86.0,-0.9,asym+1@amp-0.90,True,True,5,0.06536510004661977,True,True,103,1.3041539350524545
85.0,-0.9,asym+1@amp-0.90,True,True,5,0.06481698085553944,True,True,91,1.1667905289214104
84.0,-0.9,asym+1@amp-0.90,True,True,5,0.06447027600370347,True,True,82,1.1653832481242716
83.0,-0.9,asym+1@amp-0.90,True,True,5,0.0645057128276676,True,True,74,1.0598397478461266
82.0,-0.9,asym+1@amp-0.90,True,True,5,0.06459357007406652,True,True,67,0.9461408690549433
81.0,-0.9,asym+1@amp-0.90,True,True,5,0.06442782585509121,True,True,61,0.8011445479933172
80.0,-0.9,asym+1@amp-0.90,True,True,5,0.06462690816260874,True,True,56,0.6844740291126072
79.0,-0.9,asym+1@amp-0.90,True,True,5,0.06328263692557812,True,True,52,0.6158386499155313
78.0,-0.9,asym+1@amp-0.90,True,True,5,0.0631675289478153,True,True,48,0.5726233010645956
77.0,-0.9,asym+1@amp-0.90,True,False,1,0.08215904096141458,False,False,33,0.7355052710045129
76.0,-0.9,asym+1@amp-0.90,True,False,1,0.07469833991490304,False,False,29,0.4525646378751844
75.0,-0.9,asym+1@amp-0.90,True,False,1,0.07984200096689165,False,False,28,0.4392356991302222
74.0,-0.9,asym+1@amp-0.90,True,False,1,0.07811718480661511,False,False,27,0.4259683368727565
73.0,-0.9,asym+1@amp-0.90,True,False,1,0.07944513997063041,False,False,26,0.45711523899808526
72.0,-0.9,asym+1@amp-0.90,True,False,1,0.07668643398210406,False,False,26,0.4431574901100248
71.0,-0.9,asym+1@amp-0.90,True,False,1,0.07508168206550181,False,False,26,0.4481372970622033
70.0,-0.9,asym+1@amp-0.90,True,False,1,0.07493611914105713,False,False,26,0.5254768920131028
69.0,-0.9,asym+1@amp-0.90,True,False,1,0.075307487975806,False,False,27,0.42495120596140623
68.0,-0.9,asym+1@amp-0.90,True,False,1,0.07497394410893321,False,False,28,0.4404368109535426
67.0,-0.9,asym+1@amp-0.90,True,True,1,0.07451962190680206,False,False,30,0.505332563072443
66.0,-0.9,asym+1@amp-0.90,True,True,1,0.07466332102194428,False,False,35,0.587466930039227
65.0,-0.9,asym+1@amp-0.90,True,True,1,0.07468318799510598,True,True,65,0.9644036251120269
64.0,-0.9,asym+1@amp-0.90,True,True,1,0.0741587548982352,True,True,63,0.9349867079872638
63.0,-0.9,asym+1@amp-0.90,True,True,1,0.07289065909571946,True,True,63,1.0170483628753573
62.0,-0.9,asym+1@amp-0.90,True,True,1,0.07228773110546172,True,True,65,1.4749097409658134
61.0,-0.9,asym+1@amp-0.90,True,True,1,0.07376476703211665,True,True,68,1.1291248709894717
60.0,-0.9,asym+1@amp-0.90,True,True,1,0.07287892187014222,True,True,72,1.2107374090701342
59.0,-0.9,asym+1@amp-0.90,True,True,1,0.0727272720541805,True,True,79,1.2745843168813735
58.0,-0.9,asym+1@amp-0.90,True,True,3,0.11508343811146915,False,False,17,0.41094225784763694
57.0,-0.9,asym+1@amp-0.90,True,True,3,0.1148505019955337,False,False,15,0.39020127803087234
56.0,-0.9,asym+1@amp-0.90,True,True,3,0.11532829096540809,False,False,18,0.4451573819387704
55.0,-0.9,asym+1@amp-0.90,True,True,2,0.11214499385096133,True,True,51,0.9723812791053206
54.0,-0.9,asym+1@amp-0.90,True,True,2,0.11239117803052068,False,False,22,0.49593276809901
53.0,-0.9,asym+1@amp-0.90,True,True,2,0.11207929300144315,False,False,20,0.4849602710455656
52.0,-0.9,asym+1@amp-0.90,True,True,2,0.11296690488234162,False,False,21,0.4703773660585284
51.0,-0.9,asym+1@amp-0.90,True,True,2,0.10985603998415172,False,False,25,0.5407319380901754
50.0,-0.9,asym+1@amp-0.90,True,True,2,0.11006817920133471,False,False,28,0.5762959141284227
49.0,-0.9,asym+1@amp-0.90,True,True,2,0.10949468100443482,False,False,28,0.6251854980364442
48.0,-0.9,asym+1@amp-0.90,True,True,2,0.11121671204455197,False,False,39,0.7935579989571124
47.0,-0.9,asym+1@amp-0.90,True,True,2,0.11304510617628694,False,False,47,1.1400446258485317
46.0,-0.9,asym+1@amp-0.90,True,True,2,0.11596834193915129,False,False,72,1.401173633057624
45.0,-0.9,asym+1@amp-0.90,True,True,2,0.11502248304896057,False,False,204,3.8069792080204934
44.0,-0.9,asym+1@amp-0.90,True,True,2,0.11602285597473383,True,True,188,3.6127104689367115
43.0,-0.9,asym+1@amp-0.90,True,True,2,0.11763878678902984,True,True,95,1.9681036861147732
42.0,-0.9,asym+1@amp-0.90,True,True,1,0.11129489098675549,True,True,77,1.4518103960435838
108.0,-1.0,asym+1@amp-1.00,True,True,6,0.06450863811187446,False,False,9,0.16799878515303135
107.0,-1.0,asym+1@amp-1.00,True,True,6,0.06476110010407865,False,False,8,0.15807133307680488
106.0,-1.0,asym+1@amp-1.00,True,True,6,0.06516322284005582,False,False,6,0.12670672708190978
105.0,-1.0,asym+1@amp-1.00,True,True,6,0.06425268994644284,False,False,7,0.20757735799998045
104.0,-1.0,asym+1@amp-1.00,True,True,6,0.06444425415247679,False,False,7,0.14304040907882154
103.0,-1.0,asym+1@amp-1.00,True,True,6,0.06591716897673905,False,False,7,0.1406558791641146
102.0,-1.0,asym+1@amp-1.00,True,True,6,0.06675734696909785,False,False,8,0.15083922212943435
101.0,-1.0,asym+1@amp-1.00,True,True,6,0.06646602810360491,False,False,9,0.18326180102303624
100.0,-1.0,asym+1@amp-1.00,True,True,6,0.06627279100939631,False,False,10,0.18790709413588047
99.0,-1.0,asym+1@amp-1.00,True,True,6,0.06654290691949427,False,False,9,0.17821503314189613
98.0,-1.0,asym+1@amp-1.00,True,True,6,0.0665515719447285,False,False,11,0.2515424930024892
97.0,-1.0,asym+1@amp-1.00,True,True,6,0.06704971916042268,False,False,11,0.18758764304220676
96.0,-1.0,asym+1@amp-1.00,True,True,5,0.06532046594657004,False,False,9,0.1666301239747554
95.0,-1.0,asym+1@amp-1.00,True,True,5,0.06556276907213032,False,False,10,0.18079072213731706
94.0,-1.0,asym+1@amp-1.00,True,True,5,0.06542327208444476,False,False,10,0.18288829899393022
93.0,-1.0,asym+1@amp-1.00,True,True,5,0.06584770698100328,False,False,12,0.20080094691365957
92.0,-1.0,asym+1@amp-1.00,True,True,5,0.06390944914892316,False,False,13,0.2033210799563676
91.0,-1.0,asym+1@amp-1.00,True,True,5,0.06347755389288068,False,False,15,0.23342715995386243
90.0,-1.0,asym+1@amp-1.00,True,True,5,0.0644003280904144,False,False,19,0.2740871279966086
89.0,-1.0,asym+1@amp-1.00,True,True,5,0.06910750083625317,False,False,29,0.4346707600634545
88.0,-1.0,asym+1@amp-1.00,True,True,5,0.07102260179817677,False,False,350,4.443041708087549
87.0,-1.0,asym+1@amp-1.00,True,True,5,0.06820391584187746,True,True,293,3.6886115609668195
86.0,-1.0,asym+1@amp-1.00,True,True,5,0.07125455606728792,True,True,215,2.7150492360815406
85.0,-1.0,asym+1@amp-1.00,True,True,5,0.0836222821380943,True,True,170,2.098866706015542
84.0,-1.0,asym+1@amp-1.00,True,True,5,0.07290058210492134,True,True,139,1.8870118339546025
83.0,-1.0,asym+1@amp-1.00,True,True,5,0.06487970193848014,True,True,118,1.41952169011347
82.0,-1.0,asym+1@amp-1.00,True,True,5,0.06461900798603892,True,True,102,1.2065098739694804
81.0,-1.0,asym+1@amp-1.00,True,True,5,0.06455719494260848,True,True,89,1.4162568370811641
80.0,-1.0,asym+1@amp-1.00,True,True,5,0.06441761390306056,True,True,79,1.1378683478105813
79.0,-1.0,asym+1@amp-1.00,True,True,5,0.06436184793710709,True,True,71,1.0610804178286344
78.0,-1.0,asym+1@amp-1.00,True,True,5,0.06451684609055519,True,True,65,0.9130661669187248
77.0,-1.0,asym+1@amp-1.00,True,True,5,0.06457291985861957,True,True,59,0.719728667056188
76.0,-1.0,asym+1@amp-1.00,True,True,5,0.06424961285665631,True,True,54,0.6405549237970263
75.0,-1.0,asym+1@amp-1.00,True,False,1,0.0733323881868273,True,False,87,1.2547796149738133
74.0,-1.0,asym+1@amp-1.00,True,False,1,0.0738731469027698,True,False,85,1.2025413720402867
73.0,-1.0,asym+1@amp-1.00,True,False,1,0.07332406099885702,True,False,93,1.5938975280150771
72.0,-1.0,asym+1@amp-1.00,True,False,1,0.07315464713610709,True,False,98,1.4399233758449554
71.0,-1.0,asym+1@amp-1.00,True,False,1,0.07292076898738742,True,False,152,2.1752456699032336
70.0,-1.0,asym+1@amp-1.00,True,False,1,0.07463331101462245,True,False,145,1.9374101760331541
69.0,-1.0,asym+1@amp-1.00,True,False,1,0.07485324400477111,True,False,103,1.4856100738979876
68.0,-1.0,asym+1@amp-1.00,True,False,1,0.07473698281683028,True,False,117,1.8186872070655227
67.0,-1.0,asym+1@amp-1.00,True,False,1,0.07434906996786594,True,False,119,1.8970823660492897
66.0,-1.0,asym+1@amp-1.00,True,False,1,0.07461829320527613,True,True,131,1.798032899852842
65.0,-1.0,asym+1@amp-1.00,True,False,1,0.07483004895038903,True,True,144,2.1487151628825814
64.0,-1.0,asym+1@amp-1.00,True,True,1,0.07450339803472161,True,True,158,2.6817120499908924
63.0,-1.0,asym+1@amp-1.00,True,True,1,0.0747043329756707,True,True,174,2.9797047700267285
62.0,-1.0,asym+1@amp-1.00,True,True,1,0.07483553700149059,True,True,194,2.7524635379668325
61.0,-1.0,asym+1@amp-1.00,True,True,1,0.07464674115180969,True,True,220,3.611582248006016
60.0,-1.0,asym+1@amp-1.00,True,True,1,0.07322389795444906,True,True,258,4.227461879840121
59.0,-1.0,asym+1@amp-1.00,True,True,1,0.07288621878251433,True,True,347,5.611573859117925
58.0,-1.0,asym+1@amp-1.00,True,True,1,0.07306999596767128,False,False,350,5.623583015985787
57.0,-1.0,asym+1@amp-1.00,True,True,1,0.07337278896011412,False,False,350,5.341025447938591
56.0,-1.0,asym+1@amp-1.00,True,True,1,0.07328507397323847,False,False,25,0.5205108730588108
55.0,-1.0,asym+1@amp-1.00,True,True,3,0.11413938482291996,False,False,23,0.5163141088560224
54.0,-1.0,asym+1@amp-1.00,True,True,3,0.11549773206934333,False,False,21,0.4805040820501745
53.0,-1.0,asym+1@amp-1.00,True,True,2,0.1121992717962712,False,False,19,0.49967702897265553
52.0,-1.0,asym+1@amp-1.00,True,True,2,0.11261905520223081,False,False,22,0.4583578750025481
51.0,-1.0,asym+1@amp-1.00,True,True,2,0.11238025291822851,False,False,22,0.46057941392064095
50.0,-1.0,asym+1@amp-1.00,True,True,2,0.11224228702485561,False,False,22,0.45793853397481143
49.0,-1.0,asym+1@amp-1.00,True,True,2,0.11228925595059991,False,False,22,0.45800908003002405
48.0,-1.0,asym+1@amp-1.00,True,True,2,0.11137994099408388,False,False,29,0.5745092751458287
47.0,-1.0,asym+1@amp-1.00,True,True,2,0.10969472001306713,False,False,32,0.6328212581574917
46.0,-1.0,asym+1@amp-1.00,True,True,2,0.109436702914536,False,False,40,0.7868236559443176
45.0,-1.0,asym+1@amp-1.00,True,True,2,0.11025465908460319,False,False,54,1.0723161071073264
44.0,-1.0,asym+1@amp-1.00,True,True,2,0.11126540787518024,False,False,96,1.7063292660750449
43.0,-1.0,asym+1@amp-1.00,True,True,2,0.11239193403162062,True,True,310,5.815322018926963
42.0,-1.0,asym+1@amp-1.00,True,True,2,0.11180002707988024,True,True,102,1.8418130120262504
41.0,-1.0,asym+1@amp-1.00,True,True,3,0.11549633089452982,True,True,57,1.0437837890349329
40.0,-1.0,asym+1@amp-1.00,True,True,1,0.10917688300833106,True,True,31,0.597427326021716
109.0,0.1,asym+1@spine+,True,True,4,0.06244599702768028,True,True,9,0.15494498587213457
109.0,0.2,asym+1@spine+,True,True,4,0.06655025319196284,True,True,13,0.19590616994537413
109.0,0.3,asym+1@spine+,True,True,3,0.06329020601697266,True,True,19,0.26679032598622143
109.0,0.4,asym+1@spine+,True,True,3,0.06287869485095143,True,True,25,0.33050643699243665
109.0,0.5,asym+1@spine+,True,True,3,0.05966545990668237,True,True,30,0.5992232211865485
109.0,0.6,asym+1@spine+,True,True,3,0.05941577395424247,True,True,33,0.40899149607867
108.0,0.1,asym+1@amp+0.10,True,True,4,0.06242751702666283,True,True,9,0.21134529099799693
107.0,0.1,asym+1@amp+0.10,True,True,4,0.06271241791546345,True,True,9,0.15856921789236367
106.0,0.1,asym+1@amp+0.10,True,True,4,0.0785016359295696,True,True,9,0.15598165593110025
105.0,0.1,asym+1@amp+0.10,True,True,4,0.06267769704572856,True,True,9,0.1703521111048758
104.0,0.1,asym+1@amp+0.10,True,True,4,0.06269546994008124,True,True,9,0.16805804101750255
103.0,0.1,asym+1@amp+0.10,True,True,4,0.06468129204586148,True,True,9,0.23126948485150933
102.0,0.1,asym+1@amp+0.10,True,True,4,0.06642329203896224,True,True,9,0.15700448700226843
101.0,0.1,asym+1@amp+0.10,True,True,4,0.06453628884628415,True,True,9,0.15510566090233624
100.0,0.1,asym+1@amp+0.10,True,True,4,0.06268039997667074,True,True,9,0.15347692789509892
99.0,0.1,asym+1@amp+0.10,True,True,4,0.06468128319829702,True,True,9,0.1747061947826296
98.0,0.1,asym+1@amp+0.10,True,True,4,0.06470483401790261,True,True,9,0.15313462913036346
97.0,0.1,asym+1@amp+0.10,True,True,4,0.062062064185738564,True,True,9,0.15642826887778938
96.0,0.1,asym+1@amp+0.10,True,True,2,0.07412397512234747,True,True,13,0.25275485403835773
95.0,0.1,asym+1@amp+0.10,True,True,2,0.07425819989293814,True,True,13,0.24164532287977636
94.0,0.1,asym+1@amp+0.10,True,True,1,0.3431831228081137,True,True,13,0.2413256480358541
93.0,0.1,asym+1@amp+0.10,True,True,1,0.07485623494721949,True,True,13,0.24822209915146232
92.0,0.1,asym+1@amp+0.10,True,True,1,0.07482906896620989,True,True,13,0.243286760058254
91.0,0.1,asym+1@amp+0.10,True,True,1,0.07460816716775298,True,True,13,0.24161167582497
90.0,0.1,asym+1@amp+0.10,True,True,2,0.07718144310638309,True,True,13,0.24093727604486048
89.0,0.1,asym+1@amp+0.10,True,True,2,0.07675318699330091,True,True,12,0.23517819517292082
88.0,0.1,asym+1@amp+0.10,True,True,2,0.07667314703576267,True,True,12,0.22928781202062964
87.0,0.1,asym+1@amp+0.10,True,True,2,0.07677600206807256,True,True,12,0.23358800797723234
86.0,0.1,asym+1@amp+0.10,True,True,2,0.07904389803297818,True,True,11,0.2161698481068015
85.0,0.1,asym+1@amp+0.10,True,True,1,0.07982390909455717,True,True,11,0.216317567974329
84.0,0.1,asym+1@amp+0.10,True,True,1,0.07988595403730869,True,True,10,0.20739629492163658
83.0,0.1,asym+1@amp+0.10,True,True,2,0.07518211309798062,True,True,10,0.20301690115593374
82.0,0.1,asym+1@amp+0.10,True,True,2,0.07507443078793585,True,True,9,0.19436353095807135
81.0,0.1,asym+1@amp+0.10,True,True,1,0.07363237394019961,True,True,10,0.20491210604086518
80.0,0.1,asym+1@amp+0.10,True,True,2,0.11047900305129588,True,True,120,2.3851772241760045
79.0,0.1,asym+1@amp+0.10,True,True,2,0.11025090399198234,True,True,113,2.560762858018279
78.0,0.1,asym+1@amp+0.10,True,True,2,0.11974304402247071,True,True,99,1.8115547019988298
77.0,0.1,asym+1@amp+0.10,True,True,2,0.1197847300209105,True,True,83,1.4521015789359808
76.0,0.1,asym+1@amp+0.10,True,True,2,0.12013624887913465,True,True,64,1.1665401519276202
75.0,0.1,asym+1@amp+0.10,True,True,1,0.11223787092603743,True,True,50,0.913230889942497
74.0,0.1,asym+1@amp+0.10,True,True,1,0.11105053895153105,True,True,49,0.9101636330597103
73.0,0.1,asym+1@amp+0.10,True,True,2,0.11383408098481596,False,False,20,0.6703735699411482
72.0,0.1,asym+1@amp+0.10,True,True,1,0.10784933716058731,False,False,56,1.0868731571827084
108.0,0.2,asym+1@amp+0.20,True,True,4,0.061284438939765096,True,True,13,0.23869941802695394
107.0,0.2,asym+1@amp+0.20,True,True,4,0.07311446918174624,True,True,13,0.21363110095262527
106.0,0.2,asym+1@amp+0.20,True,True,4,0.06329802889376879,True,True,13,0.2614697930403054
105.0,0.2,asym+1@amp+0.20,True,True,4,0.06737769907340407,True,True,13,0.2736815058160573
104.0,0.2,asym+1@amp+0.20,True,True,3,0.06595102394931018,True,True,13,0.2505585481412709
103.0,0.2,asym+1@amp+0.20,True,True,3,0.0670820758678019,True,True,13,0.25305344397202134
102.0,0.2,asym+1@amp+0.20,True,True,3,0.06676375214010477,True,True,13,0.3444594359025359
101.0,0.2,asym+1@amp+0.20,True,True,3,0.07021942501887679,True,True,13,0.23299756017513573
100.0,0.2,asym+1@amp+0.20,True,True,3,0.061972038121894,True,True,13,0.24030402791686356
99.0,0.2,asym+1@amp+0.20,True,True,3,0.06228921911679208,True,True,13,0.2232497411314398
98.0,0.2,asym+1@amp+0.20,True,True,1,0.07526045083068311,True,True,15,0.2928606679197401
97.0,0.2,asym+1@amp+0.20,True,True,1,0.07900206395424902,True,True,14,0.26687938114628196
96.0,0.2,asym+1@amp+0.20,True,True,2,0.07879121601581573,True,True,14,0.2702552161645144
95.0,0.2,asym+1@amp+0.20,True,True,2,0.07878056401386857,True,True,13,0.27480744500644505
94.0,0.2,asym+1@amp+0.20,True,True,2,0.07887431187555194,True,True,13,0.24525099690072238
93.0,0.2,asym+1@amp+0.20,True,True,2,0.07479866314679384,True,True,13,0.24741922901012003
92.0,0.2,asym+1@amp+0.20,True,True,2,0.0749441678635776,True,True,13,0.24388791085220873
91.0,0.2,asym+1@amp+0.20,True,True,2,0.07915475917980075,True,True,13,0.2485618218779564
90.0,0.2,asym+1@amp+0.20,True,True,1,0.0733552051242441,True,True,13,0.24978007306344807
89.0,0.2,asym+1@amp+0.20,True,True,1,0.07398745906539261,True,True,13,0.25523581611923873
88.0,0.2,asym+1@amp+0.20,True,True,2,0.07804806693457067,True,True,12,0.22839625598862767
87.0,0.2,asym+1@amp+0.20,True,True,2,0.07824123604223132,True,True,12,0.25571422185748816
86.0,0.2,asym+1@amp+0.20,True,True,1,0.07620370294898748,True,True,11,0.24902930483222008
85.0,0.2,asym+1@amp+0.20,True,True,2,0.07869138289242983,True,True,10,0.2680662530474365
84.0,0.2,asym+1@amp+0.20,True,True,2,0.07847259403206408,True,True,12,0.28514569206163287
83.0,0.2,asym+1@amp+0.20,True,True,2,0.07873070798814297,True,True,14,0.3676022810395807
82.0,0.2,asym+1@amp+0.20,True,True,2,0.11639191000722349,False,False,58,1.6695164670236409
81.0,0.2,asym+1@amp+0.20,True,True,1,0.11352670891210437,False,False,60,1.212497052969411
80.0,0.2,asym+1@amp+0.20,True,True,1,0.11359896510839462,False,False,66,1.2266248289961368
79.0,0.2,asym+1@amp+0.20,True,True,2,0.11017721891403198,False,False,83,1.6473000152036548
77.0,0.2,asym+1@amp+0.20,True,True,1,0.10744853992946446,False,False,34,0.7232794309966266
108.0,0.3,asym+1@amp+0.30,True,True,3,0.05993278790265322,True,True,18,0.2924339980818331
107.0,0.3,asym+1@amp+0.30,True,True,3,0.0597765538841486,True,True,18,0.28253737604245543
106.0,0.3,asym+1@amp+0.30,True,True,3,0.059987434884533286,True,True,18,0.3482711741235107
105.0,0.3,asym+1@amp+0.30,True,True,3,0.06303840596228838,True,True,18,0.2981545471120626
104.0,0.3,asym+1@amp+0.30,True,True,3,0.062024523969739676,True,True,18,0.25849533802829683
103.0,0.3,asym+1@amp+0.30,True,True,3,0.062676782021299,True,True,18,0.38757008290849626
102.0,0.3,asym+1@amp+0.30,True,True,3,0.06326355808414519,True,True,17,0.4075937478337437
101.0,0.3,asym+1@amp+0.30,True,True,3,0.06328422506339848,True,True,17,0.3282822580076754
100.0,0.3,asym+1@amp+0.30,True,True,2,0.07907798397354782,True,True,27,0.5050705710891634
99.0,0.3,asym+1@amp+0.30,True,True,2,0.07904936210252345,True,True,25,0.4859515579883009
98.0,0.3,asym+1@amp+0.30,True,True,2,0.07905266620218754,True,True,25,0.4602802530862391
97.0,0.3,asym+1@amp+0.30,True,True,2,0.07915219711139798,True,True,24,0.46163250086829066
96.0,0.3,asym+1@amp+0.30,True,True,1,0.07717543095350266,True,True,23,0.7410070069599897
95.0,0.3,asym+1@amp+0.30,True,True,2,0.07582983700558543,True,True,22,0.42897471599280834
94.0,0.3,asym+1@amp+0.30,True,True,2,0.07473577186465263,True,True,21,0.3631930290721357
93.0,0.3,asym+1@amp+0.30,True,True,2,0.07471793214790523,True,True,20,0.34516699193045497
92.0,0.3,asym+1@amp+0.30,True,True,2,0.07459259312599897,True,True,17,0.3028803269844502
91.0,0.3,asym+1@amp+0.30,True,True,2,0.07472987193614244,True,True,14,0.30828724591992795
90.0,0.3,asym+1@amp+0.30,True,True,2,0.0759650229010731,True,True,14,0.27027566405013204
89.0,0.3,asym+1@amp+0.30,True,True,2,0.07828654092736542,True,True,19,0.36929954099468887
88.0,0.3,asym+1@amp+0.30,True,True,3,0.07997207785956562,False,False,20,0.44498122902587056
87.0,0.3,asym+1@amp+0.30,True,True,3,0.07815383304841816,False,False,11,0.22729846788570285
86.0,0.3,asym+1@amp+0.30,True,True,3,0.07776280795224011,False,False,9,0.192148732021451
85.0,0.3,asym+1@amp+0.30,True,True,3,0.07755790115334094,False,False,8,0.18078033183701336
84.0,0.3,asym+1@amp+0.30,True,True,3,0.1148134300019592,False,False,31,0.616868580924347
83.0,0.3,asym+1@amp+0.30,True,True,1,0.10931174294091761,False,False,35,0.6872212600428611
82.0,0.3,asym+1@amp+0.30,True,True,1,0.10900676809251308,False,False,34,0.6823113798163831
108.0,0.4,asym+1@amp+0.40,True,True,3,0.059823761228471994,True,True,24,0.31241272995248437
107.0,0.4,asym+1@amp+0.40,True,True,3,0.059498741989955306,True,True,24,0.31642840104177594
106.0,0.4,asym+1@amp+0.40,True,True,3,0.060033071087673306,True,True,24,0.31180628412403166
105.0,0.4,asym+1@amp+0.40,True,True,3,0.05975889484398067,True,True,23,0.31037491001188755
104.0,0.4,asym+1@amp+0.40,True,True,3,0.059734865091741085,True,True,23,0.32756909099407494
103.0,0.4,asym+1@amp+0.40,True,True,3,0.059715457959100604,True,True,23,0.32457502000033855
102.0,0.4,asym+1@amp+0.40,True,True,2,0.07433382701128721,True,True,61,0.9642037369776517
101.0,0.4,asym+1@amp+0.40,True,True,2,0.07623369409702718,True,True,52,1.039783475222066
100.0,0.4,asym+1@amp+0.40,True,True,2,0.07648421288467944,True,True,45,0.7781068370677531
99.0,0.4,asym+1@amp+0.40,True,True,2,0.07605531299486756,True,True,38,0.7500809468328953
98.0,0.4,asym+1@amp+0.40,True,True,2,0.07611241983249784,True,True,32,0.5178843080066144
97.0,0.4,asym+1@amp+0.40,True,True,2,0.07693933206610382,True,True,27,0.5927510671317577
96.0,0.4,asym+1@amp+0.40,True,True,2,0.0764072157908231,False,False,35,0.5302443590480834
95.0,0.4,asym+1@amp+0.40,True,True,2,0.07606003782711923,False,False,11,0.2195292618125677
94.0,0.4,asym+1@amp+0.40,True,True,3,0.07780320500023663,False,False,9,0.19591277791187167
93.0,0.4,asym+1@amp+0.40,True,True,3,0.07794546685181558,False,False,8,0.18518464197404683
92.0,0.4,asym+1@amp+0.40,True,True,3,0.07733858795836568,False,False,7,0.2114343538414687
91.0,0.4,asym+1@amp+0.40,True,True,3,0.07589474716223776,False,False,7,0.19363541505299509
89.0,0.4,asym+1@amp+0.40,True,True,3,0.07602794491685927,False,False,5,0.15694995503872633
88.0,0.4,asym+1@amp+0.40,True,True,3,0.359745753929019,False,False,6,0.17094656615518034
108.0,0.5,asym+1@amp+0.50,True,True,3,0.06126653193496168,True,True,30,0.49947438295930624
107.0,0.5,asym+1@amp+0.50,True,True,3,0.06161975604481995,True,True,29,0.4472661269828677
106.0,0.5,asym+1@amp+0.50,True,True,3,0.06150608998723328,True,True,29,0.46464459714479744
105.0,0.5,asym+1@amp+0.50,True,True,3,0.06137603102251887,True,True,28,0.4163863160647452
104.0,0.5,asym+1@amp+0.50,True,True,2,0.07674650591798127,False,False,9,0.2981725479476154
103.0,0.5,asym+1@amp+0.50,True,True,2,0.0769402477890253,False,False,8,0.20441081398166716
102.0,0.5,asym+1@amp+0.50,True,True,3,0.07828541588969529,False,False,8,0.19345637899823487
101.0,0.5,asym+1@amp+0.50,True,True,3,0.07807173090986907,False,False,7,0.17533415299840271
100.0,0.5,asym+1@amp+0.50,True,True,3,0.07842043694108725,False,False,7,0.16721528000198305
99.0,0.5,asym+1@amp+0.50,True,True,3,0.07855734298937023,False,False,6,0.15783996204845607
98.0,0.5,asym+1@amp+0.50,True,True,3,0.07736248802393675,False,False,6,0.16108216485008597
96.0,0.5,asym+1@amp+0.50,True,True,3,0.0765855258796364,False,False,5,0.16689282306469977
95.0,0.5,asym+1@amp+0.50,True,True,3,0.07638222095556557,False,False,5,0.1402512830682099
108.0,0.6,asym+1@amp+0.60,True,True,3,0.060550213092938066,True,True,33,0.40936899511143565
107.0,0.6,asym+1@amp+0.60,True,True,3,0.0596502919215709,True,True,32,0.6913202218711376
106.0,0.6,asym+1@amp+0.60,True,True,3,0.08125611417926848,False,False,5,0.14645954384468496
105.0,0.6,asym+1@amp+0.60,True,True,3,0.089477748144418,False,False,5,0.1460502080153674
103.0,0.6,asym+1@amp+0.60,True,True,3,0.08777936408296227,False,False,5,0.1423877039924264
109.0,-0.1,asym-1@spine-,True,True,4,0.06413922016508877,True,True,11,0.19768233597278595
109.0,-0.2,asym-1@spine-,True,True,5,0.07075014687143266,True,True,15,0.2284130158368498
109.0,-0.3,asym-1@spine-,True,True,5,0.06437649391591549,True,True,23,0.30510224401950836
109.0,-0.4,asym-1@spine-,True,True,5,0.06291231093928218,True,True,35,0.502932651899755
109.0,-0.5,asym-1@spine-,True,True,6,0.0643332649488002,False,False,13,0.21910431096330285
109.0,-0.6,asym-1@spine-,True,True,6,0.0642849700525403,False,False,7,0.14090345706790686
109.0,-0.7,asym-1@spine-,True,True,6,0.06421146914362907,False,False,3,0.09450369677506387
109.0,-0.8,asym-1@spine-,True,True,7,0.06586690596304834,False,False,7,0.1364823509939015
109.0,-0.9,asym-1@spine-,True,True,7,0.06564027396962047,False,False,4,0.10265828296542168
109.0,-1.0,asym-1@spine-,True,True,7,0.0671465469058603,False,False,4,0.10233027813956141
108.0,-0.1,asym-1@amp-0.10,True,True,4,0.06362989591434598,True,True,11,0.17606005701236427
107.0,-0.1,asym-1@amp-0.10,True,True,4,0.06346598290838301,True,True,10,0.1754538759123534
106.0,-0.1,asym-1@amp-0.10,True,True,4,0.06345947203226388,True,True,10,0.17925594211556017
105.0,-0.1,asym-1@amp-0.10,True,True,4,0.06322901998646557,True,True,10,0.17539826384745538
104.0,-0.1,asym-1@amp-0.10,True,True,4,0.06331257708370686,True,True,10,0.17385132308118045
103.0,-0.1,asym-1@amp-0.10,True,True,4,0.06371174799278378,True,True,9,0.15435284189879894
102.0,-0.1,asym-1@amp-0.10,True,True,4,0.06361708207987249,True,True,9,0.15798676712438464
101.0,-0.1,asym-1@amp-0.10,True,True,4,0.06331607815809548,True,True,9,0.15746949100866914
100.0,-0.1,asym-1@amp-0.10,True,True,4,0.06346573098562658,True,True,9,0.4272391488775611
99.0,-0.1,asym-1@amp-0.10,True,True,4,0.06319215497933328,True,True,9,0.15741865593008697
98.0,-0.1,asym-1@amp-0.10,True,True,4,0.06391333905048668,True,True,9,0.16072978591546416
97.0,-0.1,asym-1@amp-0.10,True,True,4,0.0618323169182986,True,True,9,0.16298093204386532
96.0,-0.1,asym-1@amp-0.10,True,True,4,0.06173048890195787,True,True,9,0.15737604396417737
95.0,-0.1,asym-1@amp-0.10,True,True,4,0.06187341990880668,True,True,8,0.14743526093661785
94.0,-0.1,asym-1@amp-0.10,True,True,4,0.06126879598014057,True,True,8,0.14602339081466198
93.0,-0.1,asym-1@amp-0.10,True,True,4,0.06174120702780783,True,True,8,0.14977871300652623
92.0,-0.1,asym-1@amp-0.10,True,True,5,0.07997191208414733,False,False,2,0.1030710858758539
91.0,-0.1,asym-1@amp-0.10,True,True,5,0.08184418408200145,False,False,3,0.11671536113135517
90.0,-0.1,asym-1@amp-0.10,True,True,5,0.08206306304782629,False,False,3,0.11678924015723169
89.0,-0.1,asym-1@amp-0.10,True,True,5,0.08247171714901924,False,False,3,0.16905177989974618
88.0,-0.1,asym-1@amp-0.10,True,True,5,0.08215513499453664,False,False,4,0.1336583560332656
87.0,-0.1,asym-1@amp-0.10,True,True,5,0.08183830580674112,False,False,4,0.13405390991829336
86.0,-0.1,asym-1@amp-0.10,True,True,5,0.08195621613413095,False,False,4,0.1342199449427426
85.0,-0.1,asym-1@amp-0.10,True,True,4,0.08096620300784707,False,False,5,0.14692082512192428
84.0,-0.1,asym-1@amp-0.10,True,True,4,0.08067832188680768,False,False,5,0.15798302995972335
83.0,-0.1,asym-1@amp-0.10,True,True,5,0.08262064307928085,False,False,5,0.14938333607278764
82.0,-0.1,asym-1@amp-0.10,True,True,5,0.08223970606923103,False,False,4,0.1416613010223955
81.0,-0.1,asym-1@amp-0.10,True,True,6,0.0840897299349308,False,False,5,0.1523993080481887
80.0,-0.1,asym-1@amp-0.10,True,True,6,0.08394423895515501,False,False,5,0.15375712397508323
79.0,-0.1,asym-1@amp-0.10,True,True,7,0.08593325898982584,False,False,5,0.21900507085956633
78.0,-0.1,asym-1@amp-0.10,True,True,8,0.0877308261115104,False,False,4,0.12979088118299842
77.0,-0.1,asym-1@amp-0.10,True,True,14,0.09745323308743536,False,False,5,0.14718467509374022
76.0,-0.1,asym-1@amp-0.10,True,True,8,0.1184663800522685,False,False,5,0.14664442907087505
75.0,-0.1,asym-1@amp-0.10,True,True,2,0.1116051678545773,False,False,10,0.2728326648939401
74.0,-0.1,asym-1@amp-0.10,True,True,2,0.11079832003451884,False,False,9,0.2561405641026795
73.0,-0.1,asym-1@amp-0.10,True,True,2,0.11160575598478317,False,False,10,0.2712692858185619
72.0,-0.1,asym-1@amp-0.10,True,True,2,0.11046787118539214,False,False,9,0.25677959620952606
71.0,-0.1,asym-1@amp-0.10,True,True,2,0.11325151403434575,False,False,13,0.33568876702338457
70.0,-0.1,asym-1@amp-0.10,True,True,2,0.11451502609997988,False,False,21,0.44781068502925336
69.0,-0.1,asym-1@amp-0.10,True,True,2,0.11357557214796543,False,False,18,0.40127386408858
68.0,-0.1,asym-1@amp-0.10,True,True,2,0.11331847496330738,False,False,20,0.42771926592104137
67.0,-0.1,asym-1@amp-0.10,True,True,1,0.11118261003866792,False,False,24,0.5022515780292451
66.0,-0.1,asym-1@amp-0.10,True,True,1,0.11023624916560948,True,True,54,0.9879796740133315
65.0,-0.1,asym-1@amp-0.10,True,True,1,0.1100647309795022,False,False,36,0.6979126268997788
64.0,-0.1,asym-1@amp-0.10,True,True,2,0.111218913923949,False,False,12,0.30103010684251785
63.0,-0.1,asym-1@amp-0.10,True,True,1,0.10788407106883824,True,True,48,0.9092222228646278
108.0,-0.2,asym-1@amp-0.20,True,True,5,0.0631402360741049,True,True,15,0.2198479468934238
107.0,-0.2,asym-1@amp-0.20,True,True,5,0.06367638288065791,True,True,15,0.2140111681073904
106.0,-0.2,asym-1@amp-0.20,True,True,5,0.0650274408981204,True,True,15,0.21613969514146447
105.0,-0.2,asym-1@amp-0.20,True,True,5,0.0647715819068253,True,True,14,0.20628301287069917
104.0,-0.2,asym-1@amp-0.20,True,True,5,0.0649379868991673,True,True,14,0.49666369799524546
103.0,-0.2,asym-1@amp-0.20,True,True,5,0.0653025470674038,True,True,13,0.20811341516673565
102.0,-0.2,asym-1@amp-0.20,True,True,4,0.4202123850118369,True,True,13,0.21408875402994454
101.0,-0.2,asym-1@amp-0.20,True,True,4,0.0676150401122868,True,True,13,0.21718651009723544
100.0,-0.2,asym-1@amp-0.20,True,True,4,0.06877853418700397,True,True,13,0.22456440282985568
99.0,-0.2,asym-1@amp-0.20,True,True,4,0.06886814697645605,True,True,13,0.2551752889994532
98.0,-0.2,asym-1@amp-0.20,True,True,4,0.06510196998715401,True,True,12,0.22692059003748
97.0,-0.2,asym-1@amp-0.20,True,True,4,0.06409981613978744,True,True,12,0.34117288002744317
96.0,-0.2,asym-1@amp-0.20,True,True,4,0.06334442691877484,True,True,12,0.23900058097206056
95.0,-0.2,asym-1@amp-0.20,True,True,4,0.0620665131136775,True,True,12,0.21597973513416946
94.0,-0.2,asym-1@amp-0.20,True,True,4,0.06219900189898908,True,True,11,0.20046099903993309
93.0,-0.2,asym-1@amp-0.20,True,True,4,0.06220573280006647,True,True,11,0.32484821206890047
92.0,-0.2,asym-1@amp-0.20,True,True,4,0.06200909614562988,True,True,11,0.20282380981370807
91.0,-0.2,asym-1@amp-0.20,True,True,6,0.08220681687816978,False,False,3,0.12534874794073403
90.0,-0.2,asym-1@amp-0.20,True,True,6,0.08494589105248451,False,False,3,0.12468982115387917
89.0,-0.2,asym-1@amp-0.20,True,True,6,0.08400942804291844,False,False,4,0.13384080701507628
88.0,-0.2,asym-1@amp-0.20,True,True,6,0.08429783605970442,False,False,3,0.11958887311629951
87.0,-0.2,asym-1@amp-0.20,True,True,5,0.0830544529017061,False,False,2,0.10633411188609898
86.0,-0.2,asym-1@amp-0.20,True,True,5,0.08452478004619479,False,False,1,0.09225932694971561
85.0,-0.2,asym-1@amp-0.20,True,True,5,0.08631951594725251,False,False,2,0.10594490496441722
84.0,-0.2,asym-1@amp-0.20,True,True,5,0.08488373784348369,False,False,3,0.1201929459348321
83.0,-0.2,asym-1@amp-0.20,True,True,5,0.08465733588673174,False,False,3,0.11680750106461346
82.0,-0.2,asym-1@amp-0.20,True,True,5,0.08522479911334813,False,False,3,0.11428214982151985
81.0,-0.2,asym-1@amp-0.20,True,True,5,0.16270776698365808,False,False,4,0.12791864294558764
80.0,-0.2,asym-1@amp-0.20,True,True,4,0.080595547799021,False,False,4,0.12782561988569796
79.0,-0.2,asym-1@amp-0.20,True,True,5,0.08495062403380871,False,False,4,0.13228827994316816
78.0,-0.2,asym-1@amp-0.20,True,True,5,0.08304830407723784,False,False,4,0.13284341990947723
77.0,-0.2,asym-1@amp-0.20,True,True,4,0.08131423010490835,False,False,5,0.14728234196081758
76.0,-0.2,asym-1@amp-0.20,True,True,4,0.09542686911299825,False,False,5,0.14687536587007344
75.0,-0.2,asym-1@amp-0.20,True,True,5,0.08316127303987741,False,False,6,0.15833320003002882
74.0,-0.2,asym-1@amp-0.20,True,True,5,0.08715188596397638,False,False,6,0.15600496786646545
73.0,-0.2,asym-1@amp-0.20,True,True,2,0.12162638595327735,False,False,8,0.23711892310529947
72.0,-0.2,asym-1@amp-0.20,True,True,2,0.12023565405979753,False,False,9,0.25798636209219694
71.0,-0.2,asym-1@amp-0.20,True,True,2,0.11855547199957073,False,False,9,0.2577742349822074
70.0,-0.2,asym-1@amp-0.20,True,True,2,0.11829435313120484,False,False,11,0.29668075195513666
69.0,-0.2,asym-1@amp-0.20,True,True,2,0.11829395801760256,False,False,11,0.2867215760052204
68.0,-0.2,asym-1@amp-0.20,True,True,2,0.11712109996005893,False,False,16,0.3686201050877571
67.0,-0.2,asym-1@amp-0.20,True,True,2,0.11534954095259309,False,False,16,0.3719641810748726
66.0,-0.2,asym-1@amp-0.20,True,True,2,0.11429514898918569,False,False,15,0.3491570819169283
65.0,-0.2,asym-1@amp-0.20,True,True,1,0.11128151696175337,False,False,16,0.3611763999797404
64.0,-0.2,asym-1@amp-0.20,True,True,1,0.10994327208027244,False,False,18,0.39256817498244345
63.0,-0.2,asym-1@amp-0.20,True,True,1,0.11376981297507882,True,True,84,1.4433314211200923
62.0,-0.2,asym-1@amp-0.20,True,True,1,0.11183488904498518,True,True,136,2.587331914110109
61.0,-0.2,asym-1@amp-0.20,True,True,1,0.11160202790051699,False,False,63,1.1716608121059835
60.0,-0.2,asym-1@amp-0.20,True,True,1,0.11165780411101878,True,True,33,0.6615366998594254
108.0,-0.3,asym-1@amp-0.30,True,True,5,0.06556699890643358,True,True,23,0.3019392918795347
107.0,-0.3,asym-1@amp-0.30,True,True,5,0.06306711491197348,True,True,22,0.291585833998397
106.0,-0.3,asym-1@amp-0.30,True,True,5,0.0628863989841193,True,True,21,0.30530501808971167
105.0,-0.3,asym-1@amp-0.30,True,True,5,0.06282872683368623,True,True,21,0.3449906159657985
104.0,-0.3,asym-1@amp-0.30,True,True,5,0.06336130504496396,True,True,20,0.3232088719960302
103.0,-0.3,asym-1@amp-0.30,True,True,5,0.0634782591369003,True,True,20,0.31239764601923525
102.0,-0.3,asym-1@amp-0.30,True,True,5,0.06342130783014,True,True,19,0.30918240710161626
101.0,-0.3,asym-1@amp-0.30,True,True,5,0.06395401386544108,True,True,19,0.29754343489184976
100.0,-0.3,asym-1@amp-0.30,True,True,5,0.06297599896788597,True,True,18,0.560054681962356
99.0,-0.3,asym-1@amp-0.30,True,True,5,0.06300759315490723,True,True,18,0.2708746681455523
98.0,-0.3,asym-1@amp-0.30,True,True,5,0.06330073601566255,True,True,17,0.2740464450325817
97.0,-0.3,asym-1@amp-0.30,True,True,5,0.0632458629552275,True,True,17,0.323690950172022
96.0,-0.3,asym-1@amp-0.30,True,True,5,0.06293684314005077,True,True,17,0.30410353606566787
95.0,-0.3,asym-1@amp-0.30,True,True,4,0.06159651791676879,True,True,16,0.24973186990246177
94.0,-0.3,asym-1@amp-0.30,True,True,4,0.061839204048737884,True,True,16,0.3614095440134406
93.0,-0.3,asym-1@amp-0.30,True,True,4,0.0616346369497478,True,True,16,0.278765887953341
92.0,-0.3,asym-1@amp-0.30,True,True,4,0.061704334104433656,True,True,15,0.2871405500918627
91.0,-0.3,asym-1@amp-0.30,True,True,4,0.06175059778615832,True,True,15,0.25454685604199767
90.0,-0.3,asym-1@amp-0.30,True,True,4,0.40826449706219137,True,True,15,0.3518680559936911
89.0,-0.3,asym-1@amp-0.30,True,True,7,0.08334127301350236,False,False,3,0.12939967378042638
88.0,-0.3,asym-1@amp-0.30,True,True,7,0.08315759501419961,False,False,3,0.1297175909858197
87.0,-0.3,asym-1@amp-0.30,True,True,6,0.08180349599570036,False,False,3,0.13030639197677374
86.0,-0.3,asym-1@amp-0.30,True,True,6,0.08247610810212791,False,False,3,0.16061558900400996
85.0,-0.3,asym-1@amp-0.30,True,True,6,0.08241683896631002,False,False,4,0.15566457505337894
84.0,-0.3,asym-1@amp-0.30,True,True,6,0.08273762697353959,False,False,3,0.12668677582405508
83.0,-0.3,asym-1@amp-0.30,True,True,6,0.08195016998797655,False,False,3,0.1295878179371357
82.0,-0.3,asym-1@amp-0.30,True,True,6,0.08155284984968603,False,False,2,0.10821928200311959
81.0,-0.3,asym-1@amp-0.30,True,True,6,0.0819190910551697,False,False,2,0.11468154797330499
80.0,-0.3,asym-1@amp-0.30,True,True,6,0.10452785482630134,False,False,1,0.10462527186609805
79.0,-0.3,asym-1@amp-0.30,True,True,5,0.08011700701899827,False,False,2,0.13077539508230984
78.0,-0.3,asym-1@amp-0.30,True,True,5,0.07992171309888363,False,False,3,0.14084032899700105
77.0,-0.3,asym-1@amp-0.30,True,True,5,0.08014978584833443,False,False,3,0.11886792490258813
76.0,-0.3,asym-1@amp-0.30,True,True,5,0.08028964209370315,False,False,4,0.13284125993959606
75.0,-0.3,asym-1@amp-0.30,True,True,5,0.08021575515158474,False,False,5,0.1648858010303229
74.0,-0.3,asym-1@amp-0.30,True,True,5,0.08027429482899606,False,False,4,0.15844449819996953
73.0,-0.3,asym-1@amp-0.30,True,True,4,0.07858340814709663,False,False,4,0.14436398586258292
72.0,-0.3,asym-1@amp-0.30,True,True,4,0.07851420599035919,False,False,5,0.1564575640950352
71.0,-0.3,asym-1@amp-0.30,True,True,2,0.11056745215319097,False,False,9,0.3296279089991003
70.0,-0.3,asym-1@amp-0.30,True,True,2,0.1109913990367204,False,False,8,0.2865459059830755
69.0,-0.3,asym-1@amp-0.30,True,True,2,0.11218268400989473,False,False,7,0.24753580009564757
68.0,-0.3,asym-1@amp-0.30,True,True,2,0.11080400994978845,False,False,9,0.3014143130276352
67.0,-0.3,asym-1@amp-0.30,True,True,2,0.11050438694655895,False,False,9,0.3171325649600476
66.0,-0.3,asym-1@amp-0.30,True,True,2,0.11073605390265584,True,True,53,1.2166071271058172
65.0,-0.3,asym-1@amp-0.30,True,True,2,0.11078916606493294,False,False,12,0.33911846415139735
64.0,-0.3,asym-1@amp-0.30,True,True,2,0.11086406907998025,False,False,20,0.45772750303149223
63.0,-0.3,asym-1@amp-0.30,True,True,1,0.10861980402842164,False,False,15,0.3750550749246031
62.0,-0.3,asym-1@amp-0.30,True,True,1,0.10842414782382548,False,False,15,0.3837604389991611
61.0,-0.3,asym-1@amp-0.30,True,True,2,0.11408900306560099,False,False,18,0.5102767299395055
60.0,-0.3,asym-1@amp-0.30,True,True,2,0.11499983398243785,False,False,24,0.6010828330181539
59.0,-0.3,asym-1@amp-0.30,True,True,2,0.11538394214585423,True,True,156,3.0169183518737555
58.0,-0.3,asym-1@amp-0.30,True,True,1,0.11141316196881235,False,False,41,0.7762689341325313
57.0,-0.3,asym-1@amp-0.30,True,True,2,0.1134703978896141,False,False,33,0.7954444179777056
56.0,-0.3,asym-1@amp-0.30,True,True,1,0.11739874701015651,True,True,70,1.5458061930257827
108.0,-0.4,asym-1@amp-0.40,True,True,5,0.07427884102798998,True,True,34,0.48054325697012246
107.0,-0.4,asym-1@amp-0.40,True,True,5,0.14715642295777798,True,True,33,0.4798737270757556
106.0,-0.4,asym-1@amp-0.40,True,True,5,0.0634165839292109,True,True,32,0.4654656029306352
105.0,-0.4,asym-1@amp-0.40,True,True,5,0.0633256088476628,True,True,31,0.4525405128952116
104.0,-0.4,asym-1@amp-0.40,True,True,5,0.06336130108684301,True,True,30,0.39541031513363123
103.0,-0.4,asym-1@amp-0.40,True,True,5,0.06329782609827816,True,True,29,0.4369414139073342
102.0,-0.4,asym-1@amp-0.40,True,True,5,0.0634080779273063,True,True,28,0.39495856408029795
101.0,-0.4,asym-1@amp-0.40,True,True,5,0.06325844186358154,True,True,27,0.4114949288778007
100.0,-0.4,asym-1@amp-0.40,True,True,5,0.06340778013691306,True,True,26,0.36478576716035604
99.0,-0.4,asym-1@amp-0.40,True,True,5,0.06326801399700344,True,True,26,0.40148264984600246
98.0,-0.4,asym-1@amp-0.40,True,True,5,0.06307076499797404,True,True,25,0.36876831483095884
97.0,-0.4,asym-1@amp-0.40,True,True,5,0.0631149688269943,True,True,24,0.37987033603712916
96.0,-0.4,asym-1@amp-0.40,True,True,5,0.08047026582062244,True,True,23,0.34524959698319435
95.0,-0.4,asym-1@amp-0.40,True,True,5,0.06321260798722506,True,True,23,0.6616452699527144
94.0,-0.4,asym-1@amp-0.40,True,True,5,0.06340193399228156,True,True,22,0.31191508402116597
93.0,-0.4,asym-1@amp-0.40,True,True,5,0.06302853510715067,True,True,21,0.29646339011378586
92.0,-0.4,asym-1@amp-0.40,True,True,5,0.06291225994937122,True,True,21,0.2991736519616097
91.0,-0.4,asym-1@amp-0.40,True,True,5,0.06287005101330578,True,True,20,0.28520781197585166
90.0,-0.4,asym-1@amp-0.40,True,True,4,0.06124811805784702,True,True,20,0.4151450751814991
108.0,-0.5,asym-1@amp-0.50,True,True,6,0.06493905815295875,True,True,64,0.9385722689330578
107.0,-0.5,asym-1@amp-0.50,True,True,5,0.06279986002482474,True,True,56,0.7363271529320627
106.0,-0.5,asym-1@amp-0.50,True,True,5,0.06298118806444108,True,True,53,0.6725529781542718
105.0,-0.5,asym-1@amp-0.50,True,True,5,0.0629174739588052,True,True,50,0.6413932561408728
104.0,-0.5,asym-1@amp-0.50,True,True,5,0.06287083704955876,True,True,48,0.6113169500604272
103.0,-0.5,asym-1@amp-0.50,True,True,5,0.0631725350394845,True,True,45,0.6077846141997725
102.0,-0.5,asym-1@amp-0.50,True,True,5,0.06290804594755173,True,True,43,0.5631235998589545
101.0,-0.5,asym-1@amp-0.50,True,True,5,0.06278592417947948,True,True,41,0.5357130279298872
100.0,-0.5,asym-1@amp-0.50,True,True,5,0.0627898839302361,True,True,40,0.5244969970081002
99.0,-0.5,asym-1@amp-0.50,True,True,5,0.06305227498523891,True,True,38,0.5186518291011453
98.0,-0.5,asym-1@amp-0.50,True,True,5,0.06298761791549623,True,True,37,0.7925882819108665
97.0,-0.5,asym-1@amp-0.50,True,True,5,0.06304008699953556,True,True,35,0.49800113611854613
96.0,-0.5,asym-1@amp-0.50,True,True,5,0.06288199801929295,True,True,34,0.48497414379380643
95.0,-0.5,asym-1@amp-0.50,True,True,5,0.06290050293318927,True,True,33,0.5347092759329826
94.0,-0.5,asym-1@amp-0.50,True,True,5,0.06284422497265041,True,True,31,0.44552118820138276
93.0,-0.5,asym-1@amp-0.50,True,True,5,0.06287190201692283,True,True,30,0.5685464520938694
92.0,-0.5,asym-1@amp-0.50,True,True,5,0.06310792197473347,True,True,29,0.41369892400689423
91.0,-0.5,asym-1@amp-0.50,True,True,5,0.06292281812056899,True,True,28,0.40268050599843264
90.0,-0.5,asym-1@amp-0.50,True,True,5,0.06316816713660955,True,True,27,0.38513268413953483
89.0,-0.5,asym-1@amp-0.50,True,True,5,0.06321748392656446,True,True,26,0.39868109696544707
88.0,-0.5,asym-1@amp-0.50,True,True,5,0.06324915890581906,True,True,25,0.3658332200720906
87.0,-0.5,asym-1@amp-0.50,True,True,5,0.06299924594350159,True,True,24,0.35031982813961804
86.0,-0.5,asym-1@amp-0.50,True,True,5,0.06306080799549818,True,True,24,0.3454637851100415
85.0,-0.5,asym-1@amp-0.50,True,True,7,0.08308685384690762,False,False,4,0.13786452310159802
84.0,-0.5,asym-1@amp-0.50,True,True,7,0.08312079519964755,False,False,4,0.13603720488026738
83.0,-0.5,asym-1@amp-0.50,True,True,7,0.08304073894396424,False,False,3,0.12351040495559573
82.0,-0.5,asym-1@amp-0.50,True,True,7,0.08308445801958442,False,False,3,0.12119310419075191
81.0,-0.5,asym-1@amp-0.50,True,True,7,0.08315563295036554,False,False,4,0.1368217810522765
80.0,-0.5,asym-1@amp-0.50,True,True,7,0.08288150606676936,False,False,3,0.11914819711819291
79.0,-0.5,asym-1@amp-0.50,True,True,7,0.08345934399403632,False,False,3,0.13541786605492234
78.0,-0.5,asym-1@amp-0.50,True,True,6,0.08134306501597166,False,False,3,0.119531363947317
77.0,-0.5,asym-1@amp-0.50,True,True,6,0.0816259749699384,False,False,3,0.12720210012048483
76.0,-0.5,asym-1@amp-0.50,True,True,6,0.08098060893826187,False,False,2,0.1072824839502573
75.0,-0.5,asym-1@amp-0.50,True,True,6,0.08164905407465994,False,False,2,0.1118868519552052
74.0,-0.5,asym-1@amp-0.50,True,True,6,0.08202134910970926,False,False,1,0.09847030998207629
73.0,-0.5,asym-1@amp-0.50,True,True,6,0.08149311714805663,False,False,2,0.1058094878681004
72.0,-0.5,asym-1@amp-0.50,True,True,6,0.08113491698168218,False,False,3,0.11887603299692273
71.0,-0.5,asym-1@amp-0.50,True,True,6,0.08182183117605746,False,False,3,0.12389956507831812
70.0,-0.5,asym-1@amp-0.50,True,True,6,0.08122161380015314,False,False,3,0.13170822500251234
69.0,-0.5,asym-1@amp-0.50,True,True,6,0.08102370984852314,False,False,4,0.13797501497901976
68.0,-0.5,asym-1@amp-0.50,True,True,5,0.07950334902852774,False,False,4,0.14499463001266122
67.0,-0.5,asym-1@amp-0.50,True,True,5,0.0798268779180944,False,False,4,0.14445456489920616
66.0,-0.5,asym-1@amp-0.50,True,True,2,0.11000265600159764,False,False,8,0.2603767169639468
65.0,-0.5,asym-1@amp-0.50,True,True,2,0.10988647490739822,False,False,6,0.22763554798439145
64.0,-0.5,asym-1@amp-0.50,True,True,2,0.11064327484928071,False,False,8,0.2672952429857105
63.0,-0.5,asym-1@amp-0.50,True,True,2,0.10955632710829377,False,False,7,0.24309631390497088
62.0,-0.5,asym-1@amp-0.50,True,True,2,0.11082222405821085,False,False,8,0.29511014302261174
61.0,-0.5,asym-1@amp-0.50,True,True,2,0.11088745389133692,False,False,9,0.2720167690422386
60.0,-0.5,asym-1@amp-0.50,True,True,2,0.1107783189509064,False,False,8,0.2575128779280931
59.0,-0.5,asym-1@amp-0.50,True,True,2,0.10999511484988034,False,False,11,0.29128147615119815
58.0,-0.5,asym-1@amp-0.50,True,True,2,0.1100081920158118,False,False,11,0.29462324804626405
57.0,-0.5,asym-1@amp-0.50,True,True,2,0.11026081000454724,False,False,15,0.7355540350545198
56.0,-0.5,asym-1@amp-0.50,True,True,2,0.11013871291652322,False,False,18,0.4345998568460345
55.0,-0.5,asym-1@amp-0.50,True,True,2,0.10997774102725089,True,True,249,4.828833260806277
54.0,-0.5,asym-1@amp-0.50,True,True,1,0.10848332406021655,False,False,22,0.5133130860049278
53.0,-0.5,asym-1@amp-0.50,True,True,1,0.11736752185970545,False,False,35,0.7643867838196456
52.0,-0.5,asym-1@amp-0.50,True,True,2,0.1100034259725362,True,True,144,2.759201655862853
51.0,-0.5,asym-1@amp-0.50,True,True,4,0.11567588010802865,False,False,24,0.5220930860377848
50.0,-0.5,asym-1@amp-0.50,True,True,1,0.10887019406072795,False,False,336,6.852517121005803
108.0,-0.6,asym-1@amp-0.60,True,True,6,0.06455076695419848,False,False,6,0.13563029398210347
107.0,-0.6,asym-1@amp-0.60,True,True,6,0.06519907317124307,False,False,7,0.17170573095791042
106.0,-0.6,asym-1@amp-0.60,True,True,6,0.06497078202664852,False,False,6,0.144477522931993
105.0,-0.6,asym-1@amp-0.60,True,True,6,0.06464439397677779,False,False,8,0.1743243900127709
104.0,-0.6,asym-1@amp-0.60,True,True,6,0.06576474197208881,False,False,10,0.21116147912107408
103.0,-0.6,asym-1@amp-0.60,True,True,6,0.06532620289362967,False,False,9,0.2762892779428512
102.0,-0.6,asym-1@amp-0.60,True,True,6,0.06458150991238654,False,False,11,0.1988517849240452
101.0,-0.6,asym-1@amp-0.60,True,True,5,0.06304245395585895,True,True,75,0.9897874090820551
100.0,-0.6,asym-1@amp-0.60,True,True,5,0.06362047302536666,True,True,68,0.9123530150391161
99.0,-0.6,asym-1@amp-0.60,True,True,5,0.0630465499125421,True,True,63,0.8590002378914505
98.0,-0.6,asym-1@amp-0.60,True,True,5,0.06320388708263636,True,True,59,0.7952297159936279
97.0,-0.6,asym-1@amp-0.60,True,True,5,0.06299159512855113,True,True,55,0.7537063660565764
96.0,-0.6,asym-1@amp-0.60,True,True,5,0.06292959791608155,True,True,52,0.6987684580963105
95.0,-0.6,asym-1@amp-0.60,True,True,5,0.06331676803529263,True,True,49,0.9846312669105828
94.0,-0.6,asym-1@amp-0.60,True,True,5,0.06315218913368881,True,True,47,0.6519324381370097
93.0,-0.6,asym-1@amp-0.60,True,True,5,0.06336133903823793,True,True,44,0.6214845380745828
92.0,-0.6,asym-1@amp-0.60,True,True,5,0.06330424710176885,True,True,42,0.673963232897222
91.0,-0.6,asym-1@amp-0.60,True,True,5,0.06320430105552077,True,True,40,0.610291660996154
90.0,-0.6,asym-1@amp-0.60,True,True,5,0.06423641997389495,True,True,38,0.6991865278687328
89.0,-0.6,asym-1@amp-0.60,True,True,5,0.06401741690933704,True,True,36,0.5397195459809154
88.0,-0.6,asym-1@amp-0.60,True,True,5,0.06325900182127953,True,True,35,0.5043267868459225
87.0,-0.6,asym-1@amp-0.60,True,True,5,0.06591671286150813,True,True,33,0.4726421518716961
86.0,-0.6,asym-1@amp-0.60,True,True,5,0.06314055807888508,True,True,32,0.4553625890985131
85.0,-0.6,asym-1@amp-0.60,True,True,5,0.06311723496764898,True,True,31,0.4497531009837985
84.0,-0.6,asym-1@amp-0.60,True,True,5,0.13495934987440705,True,True,29,0.43444853206165135
83.0,-0.6,asym-1@amp-0.60,True,True,7,0.0834667831659317,False,False,3,0.13087605591863394
82.0,-0.6,asym-1@amp-0.60,True,True,7,0.08347687101922929,False,False,3,0.1275092069990933
81.0,-0.6,asym-1@amp-0.60,True,True,7,0.08341782493516803,False,False,3,0.12698655109852552
80.0,-0.6,asym-1@amp-0.60,True,True,7,0.08376854285597801,False,False,3,0.12798766093328595
79.0,-0.6,asym-1@amp-0.60,True,True,7,0.08369001001119614,False,False,3,0.12711787386797369
78.0,-0.6,asym-1@amp-0.60,True,True,7,0.08408222603611648,False,False,2,0.11224739789031446
77.0,-0.6,asym-1@amp-0.60,True,True,7,0.0871599952224642,False,False,2,0.11283692810684443
76.0,-0.6,asym-1@amp-0.60,True,True,6,0.08934652293100953,False,False,2,0.11355854896828532
75.0,-0.6,asym-1@amp-0.60,True,True,6,0.08826974383555353,False,False,2,0.11793536506593227
74.0,-0.6,asym-1@amp-0.60,True,True,6,0.0877659369725734,False,False,1,0.1034579761326313
73.0,-0.6,asym-1@amp-0.60,True,True,6,0.08969675889238715,False,False,2,0.10950290714390576
72.0,-0.6,asym-1@amp-0.60,True,True,6,0.0884383199736476,False,False,2,0.1084192160051316
71.0,-0.6,asym-1@amp-0.60,True,True,6,0.17239693808369339,False,False,3,0.12486402597278357
70.0,-0.6,asym-1@amp-0.60,True,True,6,0.08198487898334861,False,False,3,0.12417143792845309
69.0,-0.6,asym-1@amp-0.60,True,True,6,0.08293378702364862,False,False,3,0.12481841398403049
68.0,-0.6,asym-1@amp-0.60,True,True,6,0.08163219387643039,False,False,3,0.12263239896856248
67.0,-0.6,asym-1@amp-0.60,True,True,6,0.0817384438123554,False,False,4,0.13892755284905434
66.0,-0.6,asym-1@amp-0.60,True,True,6,0.08184716291725636,False,False,4,0.1411022311076522
65.0,-0.6,asym-1@amp-0.60,True,True,6,0.08191127213649452,False,False,4,0.139894142979756
64.0,-0.6,asym-1@amp-0.60,True,True,2,0.11192379891872406,False,False,7,0.2416189620271325
63.0,-0.6,asym-1@amp-0.60,True,True,2,0.11102129006758332,False,False,7,0.2434996620286256
62.0,-0.6,asym-1@amp-0.60,True,True,2,0.11080239387229085,False,False,7,0.24391237599775195
61.0,-0.6,asym-1@amp-0.60,True,True,2,0.11095605487935245,False,False,6,0.22486573504284024
60.0,-0.6,asym-1@amp-0.60,True,True,2,0.11098016798496246,False,False,6,0.22525338781997561
59.0,-0.6,asym-1@amp-0.60,True,True,2,0.1119715990498662,False,False,9,0.27949406602419913
58.0,-0.6,asym-1@amp-0.60,True,True,2,0.11077385698445141,False,False,8,0.2576039738487452
57.0,-0.6,asym-1@amp-0.60,True,True,2,0.11040089395828545,False,False,9,0.2989364960230887
56.0,-0.6,asym-1@amp-0.60,True,True,2,0.11016806517727673,False,False,12,0.335300374077633
55.0,-0.6,asym-1@amp-0.60,True,True,2,0.10979911894537508,False,False,17,0.7685373080894351
54.0,-0.6,asym-1@amp-0.60,True,True,2,0.11015988397412002,True,True,209,4.211112836143002
53.0,-0.6,asym-1@amp-0.60,True,True,1,0.10760260792449117,True,True,292,5.484123029047623
52.0,-0.6,asym-1@amp-0.60,True,True,1,0.10736436420120299,False,False,24,0.5645487350411713
51.0,-0.6,asym-1@amp-0.60,True,True,2,0.11232245597057045,True,True,282,5.587290641851723
50.0,-0.6,asym-1@amp-0.60,True,True,2,0.11029555904679,False,False,26,0.7048531319014728
49.0,-0.6,asym-1@amp-0.60,True,True,2,0.11040941486135125,False,False,30,0.6709714829921722
48.0,-0.6,asym-1@amp-0.60,True,True,1,0.10773294698446989,True,True,286,5.112621298059821
108.0,-0.7,asym-1@amp-0.70,True,True,6,0.06509636691771448,False,False,5,0.11964052100665867
107.0,-0.7,asym-1@amp-0.70,True,True,6,0.06489741196855903,False,False,5,0.11833159904927015
106.0,-0.7,asym-1@amp-0.70,True,True,6,0.06457267212681472,False,False,7,0.1386672800872475
105.0,-0.7,asym-1@amp-0.70,True,True,6,0.06411144603043795,False,False,6,0.1274568650405854
104.0,-0.7,asym-1@amp-0.70,True,True,6,0.0641758379060775,False,False,9,0.1637231318745762
103.0,-0.7,asym-1@amp-0.70,True,True,6,0.06421119603328407,False,False,7,0.14768049400299788
102.0,-0.7,asym-1@amp-0.70,True,True,6,0.06413270719349384,False,False,6,0.13507587905041873
101.0,-0.7,asym-1@amp-0.70,True,True,6,0.06463562208227813,False,False,8,0.17412437894381583
100.0,-0.7,asym-1@amp-0.70,True,True,6,0.06425707996822894,False,False,9,0.17664002696983516
99.0,-0.7,asym-1@amp-0.70,True,True,6,0.06427081115543842,False,False,10,0.18236036808229983
98.0,-0.7,asym-1@amp-0.70,True,True,6,0.06454953202046454,False,False,8,0.17236387496814132
97.0,-0.7,asym-1@amp-0.70,True,True,5,0.06312825297936797,False,False,11,0.18845095415599644
96.0,-0.7,asym-1@amp-0.70,True,True,5,0.06299288803711534,True,True,101,1.4689860029611737
95.0,-0.7,asym-1@amp-0.70,True,True,5,0.0630398269277066,True,True,86,1.032522652996704
94.0,-0.7,asym-1@amp-0.70,True,True,5,0.06308527896180749,True,True,78,1.0287314031738788
93.0,-0.7,asym-1@amp-0.70,True,True,5,0.06309171812608838,True,True,72,1.0345266659278423
92.0,-0.7,asym-1@amp-0.70,True,True,5,0.06301671196706593,True,True,66,0.9026478480082005
91.0,-0.7,asym-1@amp-0.70,True,True,5,0.06296519609168172,True,True,62,0.8849310260266066
90.0,-0.7,asym-1@amp-0.70,True,True,5,0.06311008194461465,True,True,57,0.7652730089612305
89.0,-0.7,asym-1@amp-0.70,True,True,5,0.06278793001547456,True,True,54,0.7011350709944963
88.0,-0.7,asym-1@amp-0.70,True,True,5,0.06331701204180717,True,True,50,0.6602967251092196
87.0,-0.7,asym-1@amp-0.70,True,True,5,0.06337244482710958,True,True,47,0.6268822469282895
86.0,-0.7,asym-1@amp-0.70,True,True,5,0.06336134113371372,True,True,45,0.6022052271291614
85.0,-0.7,asym-1@amp-0.70,True,True,5,0.06268046400509775,True,True,42,0.9492076151072979
84.0,-0.7,asym-1@amp-0.70,True,True,5,0.06290438887663186,True,True,40,0.5539874618407339
83.0,-0.7,asym-1@amp-0.70,True,True,5,0.06313361413776875,True,True,38,0.5215305869933218
82.0,-0.7,asym-1@amp-0.70,True,True,5,0.07623940799385309,True,True,36,0.6002380971331149
81.0,-0.7,asym-1@amp-0.70,True,True,7,0.08320267801173031,False,False,3,0.13036241196095943
80.0,-0.7,asym-1@amp-0.70,True,True,7,0.08298481698147953,False,False,2,0.11541237100027502
79.0,-0.7,asym-1@amp-0.70,True,True,7,0.08330715005286038,False,False,2,0.110808284021914
78.0,-0.7,asym-1@amp-0.70,True,True,7,0.08292377693578601,False,False,2,0.11572552821598947
77.0,-0.7,asym-1@amp-0.70,True,True,7,0.08300366601906717,False,False,2,0.11340982792899013
76.0,-0.7,asym-1@amp-0.70,True,True,6,0.08119993796572089,False,False,1,0.09832716407254338
75.0,-0.7,asym-1@amp-0.70,True,True,6,0.08121860912069678,False,False,1,0.11706879897974432
74.0,-0.7,asym-1@amp-0.70,True,True,6,0.08130195108242333,False,False,2,0.11272301594726741
73.0,-0.7,asym-1@amp-0.70,True,True,6,0.08145202999003232,False,False,2,0.14655978023074567
72.0,-0.7,asym-1@amp-0.70,True,True,6,0.08107437402941287,False,False,3,0.19668345991522074
71.0,-0.7,asym-1@amp-0.70,True,True,6,0.08123231516219676,False,False,3,0.19021100387908518
70.0,-0.7,asym-1@amp-0.70,True,True,6,0.08157598995603621,False,False,3,0.19958212599158287
69.0,-0.7,asym-1@amp-0.70,True,True,6,0.08145837602205575,False,False,3,0.17362143914215267
68.0,-0.7,asym-1@amp-0.70,True,True,6,0.08142850711010396,False,False,3,0.25311291008256376
67.0,-0.7,asym-1@amp-0.70,True,True,6,0.08134791604243219,False,False,3,0.1377228880301118
66.0,-0.7,asym-1@amp-0.70,True,True,6,0.08111891499720514,False,False,4,0.14025970990769565
65.0,-0.7,asym-1@amp-0.70,True,True,6,0.08182425517588854,False,False,4,0.14070719806477427
64.0,-0.7,asym-1@amp-0.70,True,True,6,0.08127461210824549,False,False,4,0.1415305391419679
63.0,-0.7,asym-1@amp-0.70,True,True,6,0.08152159396559,False,False,4,0.14165964489802718
62.0,-0.7,asym-1@amp-0.70,True,True,3,0.1141099592205137,False,False,7,0.24568476085551083
61.0,-0.7,asym-1@amp-0.70,True,True,3,0.1152503271587193,False,False,6,0.22790586994960904
60.0,-0.7,asym-1@amp-0.70,True,True,2,0.11531401402316988,False,False,7,0.24976043589413166
59.0,-0.7,asym-1@amp-0.70,True,True,2,0.11152062099426985,False,False,6,0.2301244179252535
58.0,-0.7,asym-1@amp-0.70,True,True,2,0.11137979500927031,False,False,8,0.2471683279145509
57.0,-0.7,asym-1@amp-0.70,True,True,2,0.11118996003642678,False,False,8,0.243269186001271
56.0,-0.7,asym-1@amp-0.70,True,True,2,0.11173560796305537,False,False,8,0.2500847349874675
55.0,-0.7,asym-1@amp-0.70,True,True,2,0.1137147480621934,False,False,12,0.3520248830318451
54.0,-0.7,asym-1@amp-0.70,True,True,2,0.11327563296072185,False,False,9,0.3241035840474069
53.0,-0.7,asym-1@amp-0.70,True,True,2,0.11322443489916623,False,False,11,0.34312578407116234
52.0,-0.7,asym-1@amp-0.70,True,True,2,0.1133691028226167,True,True,175,3.492836012970656
51.0,-0.7,asym-1@amp-0.70,True,True,2,0.11312793102115393,True,True,217,4.6353938051033765
50.0,-0.7,asym-1@amp-0.70,True,True,2,0.11640323209576309,True,True,273,5.209282987983897
49.0,-0.7,asym-1@amp-0.70,True,True,2,0.11289535113610327,False,False,21,0.48885441292077303
48.0,-0.7,asym-1@amp-0.70,True,True,2,0.11011891602538526,False,False,350,6.760705742053688
47.0,-0.7,asym-1@amp-0.70,True,True,2,0.11053818790242076,False,False,65,1.2793961020652205
46.0,-0.7,asym-1@amp-0.70,True,True,2,0.11098046787083149,True,True,164,3.2495659068226814
108.0,-0.8,asym-1@amp-0.80,True,True,13,0.07518121902830899,False,False,5,0.12084626080468297
107.0,-0.8,asym-1@amp-0.80,True,True,7,0.06735627609305084,False,False,3,0.09723180998116732
106.0,-0.8,asym-1@amp-0.80,True,True,6,0.06474402802996337,False,False,3,0.0966254121158272
105.0,-0.8,asym-1@amp-0.80,True,True,6,0.06458903988823295,False,False,5,0.120410735020414
104.0,-0.8,asym-1@amp-0.80,True,True,6,0.06452624616213143,False,False,7,0.14356814697384834
103.0,-0.8,asym-1@amp-0.80,True,True,6,0.06464667781256139,False,False,8,0.15690702106803656
102.0,-0.8,asym-1@amp-0.80,True,True,6,0.06449761590920389,False,False,6,0.13260643021203578
101.0,-0.8,asym-1@amp-0.80,True,True,6,0.06450103595852852,False,False,8,0.1593084060586989
100.0,-0.8,asym-1@amp-0.80,True,True,6,0.06457366910763085,False,False,7,0.14580512512475252
99.0,-0.8,asym-1@amp-0.80,True,True,6,0.06462162802927196,False,False,8,0.16095400298945606
98.0,-0.8,asym-1@amp-0.80,True,True,6,0.06426868517883122,False,False,8,0.16130078909918666
97.0,-0.8,asym-1@amp-0.80,True,True,6,0.0643213449511677,False,False,8,0.16373867983929813
96.0,-0.8,asym-1@amp-0.80,True,True,6,0.06432255590334535,False,False,8,0.16837576706893742
95.0,-0.8,asym-1@amp-0.80,True,True,6,0.06416428415104747,False,False,8,0.16502140508964658
94.0,-0.8,asym-1@amp-0.80,True,True,6,0.06413290812633932,False,False,9,0.1673221210949123
93.0,-0.8,asym-1@amp-0.80,True,True,5,0.06259953393600881,False,False,12,0.20298521011136472
92.0,-0.8,asym-1@amp-0.80,True,True,5,0.0628416680265218,False,False,21,0.30629942612722516
91.0,-0.8,asym-1@amp-0.80,True,True,5,0.06342933210544288,True,True,111,1.3746890358161181
90.0,-0.8,asym-1@amp-0.80,True,True,5,0.0634111671242863,True,True,98,1.1987909169401973
89.0,-0.8,asym-1@amp-0.80,True,True,5,0.06400989694520831,True,True,87,1.4085064330138266
88.0,-0.8,asym-1@amp-0.80,True,True,5,0.06369216088205576,True,True,79,0.9758333598729223
87.0,-0.8,asym-1@amp-0.80,True,True,5,0.06358993682079017,True,True,72,0.981415580958128
86.0,-0.8,asym-1@amp-0.80,True,True,5,0.06315566110424697,True,True,66,1.0124573011416942
85.0,-0.8,asym-1@amp-0.80,True,True,5,0.06347431312315166,True,True,61,0.7900563410948962
84.0,-0.8,asym-1@amp-0.80,True,True,5,0.0668310581240803,True,True,56,0.7104949259664863
83.0,-0.8,asym-1@amp-0.80,True,True,5,0.07135738991200924,True,True,52,0.6594324309844524
82.0,-0.8,asym-1@amp-0.80,True,True,5,0.06845684698782861,True,True,49,0.6248432809952646
81.0,-0.8,asym-1@amp-0.80,True,True,5,0.07308594812639058,True,True,46,0.672226111870259
80.0,-0.8,asym-1@amp-0.80,True,True,5,0.0691129001788795,True,True,43,0.6708718319423497
79.0,-0.8,asym-1@amp-0.80,True,True,7,0.09193404298275709,False,False,2,0.1234157660510391
78.0,-0.8,asym-1@amp-0.80,True,True,7,0.0887177181430161,False,False,2,0.11562400101684034
77.0,-0.8,asym-1@amp-0.80,True,True,6,0.08795504411682487,False,False,2,0.10910607501864433
76.0,-0.8,asym-1@amp-0.80,True,True,6,0.08719207299873233,False,False,2,0.11736102914437652
75.0,-0.8,asym-1@amp-0.80,True,True,6,0.08649457711726427,False,False,3,0.14308757008984685
74.0,-0.8,asym-1@amp-0.80,True,True,6,0.08551389584317803,False,False,3,0.12866139598190784
73.0,-0.8,asym-1@amp-0.80,True,True,6,0.08807651908136904,False,False,3,0.12992897792719305
72.0,-0.8,asym-1@amp-0.80,True,True,6,0.08293105685152113,False,False,3,0.13096664496697485
71.0,-0.8,asym-1@amp-0.80,True,True,6,0.08308560005389154,False,False,4,0.15033032093197107
70.0,-0.8,asym-1@amp-0.80,True,True,6,0.08193601504899561,False,False,3,0.13298584311269224
69.0,-0.8,asym-1@amp-0.80,True,True,6,0.08195296605117619,False,False,3,0.13027944206260145
68.0,-0.8,asym-1@amp-0.80,True,True,6,0.08184747910127044,False,False,3,0.12343222717754543
67.0,-0.8,asym-1@amp-0.80,True,True,6,0.08146027498878539,False,False,3,0.12982800416648388
66.0,-0.8,asym-1@amp-0.80,True,True,6,0.08186052902601659,False,False,4,0.15487228613346815
65.0,-0.8,asym-1@amp-0.80,True,True,6,0.08153502806089818,False,False,4,0.16719142789952457
64.0,-0.8,asym-1@amp-0.80,True,True,6,0.08182763704098761,False,False,4,0.16597151989117265
63.0,-0.8,asym-1@amp-0.80,True,True,6,0.08132292702794075,False,False,4,0.13868972309865057
62.0,-0.8,asym-1@amp-0.80,True,True,6,0.0818781410343945,False,False,4,0.13567493599839509
61.0,-0.8,asym-1@amp-0.80,True,True,6,0.08264040597714484,False,False,4,0.45714143104851246
60.0,-0.8,asym-1@amp-0.80,True,True,3,0.11415062379091978,False,False,7,0.24088962492533028
59.0,-0.8,asym-1@amp-0.80,True,True,3,0.11273434711620212,False,False,6,0.2382918680086732
58.0,-0.8,asym-1@amp-0.80,True,True,3,0.1126038390211761,False,False,6,0.2805268308147788
57.0,-0.8,asym-1@amp-0.80,True,True,2,0.11136509897187352,False,False,6,0.2447515248786658
56.0,-0.8,asym-1@amp-0.80,True,True,2,0.11050207796506584,False,False,8,0.30636408389545977
55.0,-0.8,asym-1@amp-0.80,True,True,2,0.11030668416060507,False,False,7,0.2497946268413216
54.0,-0.8,asym-1@amp-0.80,True,True,2,0.11107610398903489,False,False,8,0.2573236199095845
53.0,-0.8,asym-1@amp-0.80,True,True,2,0.11003871588036418,False,False,9,0.2691734309773892
52.0,-0.8,asym-1@amp-0.80,True,True,2,0.11000252608209848,False,False,9,0.2916195779107511
51.0,-0.8,asym-1@amp-0.80,True,True,2,0.10995395993813872,False,False,9,0.30437641497701406
50.0,-0.8,asym-1@amp-0.80,True,True,2,0.11059101391583681,False,False,22,0.5305861360393465
49.0,-0.8,asym-1@amp-0.80,True,True,2,0.11076064803637564,False,False,31,0.7505352420266718
48.0,-0.8,asym-1@amp-0.80,True,True,2,0.11029823310673237,False,False,20,0.5018782839179039
47.0,-0.8,asym-1@amp-0.80,True,True,2,0.11074793618172407,False,False,22,0.5604505720548332
46.0,-0.8,asym-1@amp-0.80,True,True,1,0.10824615508317947,False,False,21,0.6709799179807305
45.0,-0.8,asym-1@amp-0.80,True,True,2,0.11157380184158683,True,True,192,3.7918069430161268
44.0,-0.8,asym-1@amp-0.80,True,True,3,0.11519318609498441,False,False,19,0.4462899910286069
43.0,-0.8,asym-1@amp-0.80,True,True,1,0.10784533387050033,True,True,161,2.88929165690206
108.0,-0.9,asym-1@amp-0.90,True,True,7,0.06586809107102454,False,False,4,0.13192140916362405
107.0,-0.9,asym-1@amp-0.90,True,True,7,0.06575786485336721,False,False,6,0.15576716815121472
106.0,-0.9,asym-1@amp-0.90,True,True,7,0.06590987206436694,False,False,6,0.15207604016177356
105.0,-0.9,asym-1@amp-0.90,True,True,8,0.06707877898588777,False,False,4,0.12256665504537523
104.0,-0.9,asym-1@amp-0.90,True,True,7,0.06586892111226916,False,False,2,0.09573555714450777
103.0,-0.9,asym-1@amp-0.90,True,True,6,0.06438629399053752,False,False,4,0.1347674650605768
102.0,-0.9,asym-1@amp-0.90,True,True,6,0.06464985804632306,False,False,6,0.13768501789309084
101.0,-0.9,asym-1@amp-0.90,True,True,6,0.0644025499932468,False,False,5,0.12495162896811962
100.0,-0.9,asym-1@amp-0.90,True,True,6,0.06454945495352149,False,False,6,0.13471531285904348
99.0,-0.9,asym-1@amp-0.90,True,True,6,0.06427612784318626,False,False,6,0.13485390599817038
98.0,-0.9,asym-1@amp-0.90,True,True,6,0.06450307392515242,False,False,6,0.44479795498773456
97.0,-0.9,asym-1@amp-0.90,True,True,6,0.06492027104832232,False,False,7,0.14745296607725322
96.0,-0.9,asym-1@amp-0.90,True,True,6,0.06419998011551797,False,False,8,0.16042810096405447
95.0,-0.9,asym-1@amp-0.90,True,True,6,0.06654021609574556,False,False,7,0.14789776992984116
94.0,-0.9,asym-1@amp-0.90,True,True,6,0.06430079485289752,False,False,8,0.16185175883583724
93.0,-0.9,asym-1@amp-0.90,True,True,6,0.06493013584986329,False,False,8,0.1602972059044987
92.0,-0.9,asym-1@amp-0.90,True,True,6,0.06424613995477557,False,False,8,0.15876881405711174
91.0,-0.9,asym-1@amp-0.90,True,True,6,0.06411501811817288,False,False,9,0.17056483193300664
90.0,-0.9,asym-1@amp-0.90,True,True,5,0.062368835089728236,False,False,13,0.21700113196857274
89.0,-0.9,asym-1@amp-0.90,True,True,5,0.06231298903003335,False,False,16,0.2612772649154067
88.0,-0.9,asym-1@amp-0.90,True,True,5,0.06235508807003498,True,True,151,2.1687016000505537
87.0,-0.9,asym-1@amp-0.90,True,True,5,0.06245715916156769,True,True,126,1.6280409288592637
86.0,-0.9,asym-1@amp-0.90,True,True,5,0.06253656302578747,True,True,109,1.4340620110742748
85.0,-0.9,asym-1@amp-0.90,True,True,5,0.06227167998440564,True,True,96,1.252772190142423
84.0,-0.9,asym-1@amp-0.90,True,True,5,0.06296507688239217,True,True,85,1.1771062482148409
83.0,-0.9,asym-1@amp-0.90,True,True,5,0.062442071037366986,True,True,76,1.3427953380160034
82.0,-0.9,asym-1@amp-0.90,True,True,5,0.06298988801427186,True,True,69,0.910745033994317
81.0,-0.9,asym-1@amp-0.90,True,True,5,0.06232589902356267,True,True,63,0.9609981419052929
80.0,-0.9,asym-1@amp-0.90,True,True,5,0.06271816114895046,True,True,58,0.9251032609026879
79.0,-0.9,asym-1@amp-0.90,True,True,5,0.06228200509212911,True,True,53,0.7426522329915315
78.0,-0.9,asym-1@amp-0.90,True,True,5,0.06240838998928666,True,True,49,0.6582265419419855
77.0,-0.9,asym-1@amp-0.90,True,True,6,0.08132546208798885,False,False,3,0.1264441420789808
76.0,-0.9,asym-1@amp-0.90,True,True,6,0.08072681911289692,False,False,3,0.12387814209796488
75.0,-0.9,asym-1@amp-0.90,True,True,6,0.08064972702413797,False,False,4,0.13901910185813904
74.0,-0.9,asym-1@amp-0.90,True,True,6,0.08118713996373117,False,False,4,0.13855796214193106
73.0,-0.9,asym-1@amp-0.90,True,True,6,0.08090731012634933,False,False,4,0.13905912498012185
72.0,-0.9,asym-1@amp-0.90,True,True,6,0.0806296351365745,False,False,4,0.13906910293735564
71.0,-0.9,asym-1@amp-0.90,True,True,6,0.08046616381034255,False,False,4,0.1412258897908032
70.0,-0.9,asym-1@amp-0.90,True,True,6,0.08079889486543834,False,False,3,0.12335390713997185
69.0,-0.9,asym-1@amp-0.90,True,True,6,0.08093001996167004,False,False,3,0.12560075684450567
68.0,-0.9,asym-1@amp-0.90,True,True,6,0.0809367410838604,False,False,3,0.12386817508377135
67.0,-0.9,asym-1@amp-0.90,True,True,6,0.08067103195935488,False,False,4,0.1401337159331888
66.0,-0.9,asym-1@amp-0.90,True,True,6,0.08101618406362832,False,False,4,0.14110391703434289
65.0,-0.9,asym-1@amp-0.90,True,True,6,0.08099121088162065,False,False,5,0.1534536830149591
64.0,-0.9,asym-1@amp-0.90,True,True,6,0.08084901212714612,False,False,4,0.13742759311571717
63.0,-0.9,asym-1@amp-0.90,True,True,6,0.08057434018701315,False,False,4,0.14039410697296262
62.0,-0.9,asym-1@amp-0.90,True,True,6,0.08192383497953415,False,False,4,0.13882500492036343
61.0,-0.9,asym-1@amp-0.90,True,True,6,0.08215850288979709,False,False,5,0.1592708278913051
60.0,-0.9,asym-1@amp-0.90,True,True,6,0.0811911141499877,False,False,5,0.15891704987734556
59.0,-0.9,asym-1@amp-0.90,True,True,6,0.08120064903050661,False,False,5,0.15920516895130277
58.0,-0.9,asym-1@amp-0.90,True,True,3,0.12028850801289082,False,False,6,0.22396004293113947
57.0,-0.9,asym-1@amp-0.90,True,True,3,0.11311800312250853,False,False,6,0.22089415113441646
56.0,-0.9,asym-1@amp-0.90,True,True,3,0.1129546370357275,False,False,7,0.23936470202170312
55.0,-0.9,asym-1@amp-0.90,True,True,2,0.1107062988448888,False,False,6,0.2224589791148901
54.0,-0.9,asym-1@amp-0.90,True,True,2,0.11052715801633894,False,False,7,0.23767801094800234
53.0,-0.9,asym-1@amp-0.90,True,True,2,0.11042108805850148,False,False,9,0.27897288696840405
52.0,-0.9,asym-1@amp-0.90,True,True,2,0.11069424194283783,False,False,9,0.280833788914606
51.0,-0.9,asym-1@amp-0.90,True,True,2,0.11060467106290162,False,False,8,0.26024886406958103
50.0,-0.9,asym-1@amp-0.90,True,True,2,0.11031876411288977,False,False,11,0.31182417715899646
49.0,-0.9,asym-1@amp-0.90,True,True,2,0.1099991558585316,False,False,10,0.2928816939238459
48.0,-0.9,asym-1@amp-0.90,True,True,2,0.11010965681634843,False,False,16,0.39939450193196535
47.0,-0.9,asym-1@amp-0.90,True,True,2,0.11044488591141999,False,False,33,0.7098050538916141
46.0,-0.9,asym-1@amp-0.90,True,True,2,0.11136782495304942,False,False,19,0.4683582209981978
45.0,-0.9,asym-1@amp-0.90,True,True,2,0.11023296089842916,False,False,19,0.8068054290488362
44.0,-0.9,asym-1@amp-0.90,True,True,2,0.1140689579769969,False,False,23,0.5487589640542865
43.0,-0.9,asym-1@amp-0.90,True,True,2,0.110205550910905,True,True,184,3.726739024044946
42.0,-0.9,asym-1@amp-0.90,True,True,1,0.10733420890755951,True,True,77,1.475818709935993
108.0,-1.0,asym-1@amp-1.00,True,True,7,0.06542255496606231,False,False,4,0.10995687288232148
107.0,-1.0,asym-1@amp-1.00,True,True,7,0.06532610906288028,False,False,4,0.11064215702936053
106.0,-1.0,asym-1@amp-1.00,True,True,7,0.06589129311032593,False,False,4,0.11146944295614958
105.0,-1.0,asym-1@amp-1.00,True,True,7,0.06552077597007155,False,False,5,0.12876783893443644
104.0,-1.0,asym-1@amp-1.00,True,True,7,0.0664602848701179,False,False,5,0.1293525891378522
103.0,-1.0,asym-1@amp-1.00,True,True,12,0.0727796049322933,False,False,5,0.12862850003875792
102.0,-1.0,asym-1@amp-1.00,True,True,7,0.06547224288806319,False,False,2,0.0949342509265989
101.0,-1.0,asym-1@amp-1.00,True,True,6,0.06415547709912062,False,False,3,0.10804757312871516
100.0,-1.0,asym-1@amp-1.00,True,True,6,0.07737696799449623,False,False,6,0.1360358390957117
99.0,-1.0,asym-1@amp-1.00,True,True,6,0.06457341695204377,False,False,7,0.14719224907457829
98.0,-1.0,asym-1@amp-1.00,True,True,6,0.07020980305969715,False,False,6,0.13468784885481
97.0,-1.0,asym-1@amp-1.00,True,True,6,0.07407398917712271,False,False,7,0.14524229592643678
96.0,-1.0,asym-1@amp-1.00,True,True,6,0.07060799701139331,False,False,6,0.13431202387437224
95.0,-1.0,asym-1@amp-1.00,True,True,6,0.07105493382550776,False,False,6,0.1338627941440791
94.0,-1.0,asym-1@amp-1.00,True,True,6,0.0685319749172777,False,False,8,0.15788768604397774
93.0,-1.0,asym-1@amp-1.00,True,True,6,0.15402605687268078,False,False,8,0.15818007802590728
92.0,-1.0,asym-1@amp-1.00,True,True,6,0.06496583507396281,False,False,7,0.14646027307026088
91.0,-1.0,asym-1@amp-1.00,True,True,6,0.06476561701856554,False,False,9,0.17124210903421044
90.0,-1.0,asym-1@amp-1.00,True,True,6,0.06515442603267729,False,False,9,0.17155682109296322
89.0,-1.0,asym-1@amp-1.00,True,True,6,0.06443811999633908,False,False,11,0.1926517910324037
88.0,-1.0,asym-1@amp-1.00,True,True,6,0.06460637506097555,False,False,10,0.1827249159105122
87.0,-1.0,asym-1@amp-1.00,True,True,5,0.06334038288332522,False,False,12,0.20672978716902435
86.0,-1.0,asym-1@amp-1.00,True,True,5,0.06331984512507915,False,False,20,0.3013030239380896
85.0,-1.0,asym-1@amp-1.00,True,True,5,0.06293165683746338,True,True,183,2.587774554034695
84.0,-1.0,asym-1@amp-1.00,True,True,5,0.06314135086722672,True,True,147,1.952069046907127
83.0,-1.0,asym-1@amp-1.00,True,True,5,0.06339999102056026,True,True,123,1.722807263955474
82.0,-1.0,asym-1@amp-1.00,True,True,5,0.06331563810817897,True,True,106,1.356196590932086
81.0,-1.0,asym-1@amp-1.00,True,True,5,0.06328130583278835,True,True,93,1.2550468349363655
80.0,-1.0,asym-1@amp-1.00,True,True,5,0.06329684122465551,True,True,82,1.1052328180521727
79.0,-1.0,asym-1@amp-1.00,True,True,5,0.06345193600282073,True,True,73,0.9679629190359265
78.0,-1.0,asym-1@amp-1.00,True,True,5,0.06359576596878469,True,True,66,1.1742283969651908
77.0,-1.0,asym-1@amp-1.00,True,True,5,0.0633551268838346,True,True,60,0.9292848519980907
76.0,-1.0,asym-1@amp-1.00,True,True,5,0.0634193120058626,True,True,55,0.746462854091078
75.0,-1.0,asym-1@amp-1.00,True,True,6,0.08181385206989944,False,False,5,0.15735623496584594
74.0,-1.0,asym-1@amp-1.00,True,True,6,0.08165730792097747,False,False,5,0.25193922803737223
73.0,-1.0,asym-1@amp-1.00,True,True,6,0.08172363811172545,False,False,4,0.13967116200365126
72.0,-1.0,asym-1@amp-1.00,True,True,6,0.08163831103593111,False,False,4,0.13785837194882333
71.0,-1.0,asym-1@amp-1.00,True,True,6,0.08192704105749726,False,False,3,0.12386076198890805
70.0,-1.0,asym-1@amp-1.00,True,True,6,0.08165045687928796,False,False,3,0.12298602587543428
69.0,-1.0,asym-1@amp-1.00,True,True,6,0.08348392602056265,False,False,3,0.12319677812047303
68.0,-1.0,asym-1@amp-1.00,True,True,6,0.08139450289309025,False,False,4,0.13654556800611317
67.0,-1.0,asym-1@amp-1.00,True,True,6,0.08117516501806676,False,False,4,0.15158932795748115
66.0,-1.0,asym-1@amp-1.00,True,True,6,0.0815081459004432,False,False,5,0.16254684305749834
65.0,-1.0,asym-1@amp-1.00,True,True,6,0.08149171597324312,False,False,5,0.1570245400071144
64.0,-1.0,asym-1@amp-1.00,True,True,6,0.08206031797453761,False,False,5,0.15166484797373414
63.0,-1.0,asym-1@amp-1.00,True,True,6,0.08182087889872491,False,False,4,0.1555802938528359
62.0,-1.0,asym-1@amp-1.00,True,True,6,0.08209965098649263,False,False,4,0.23223084001801908
61.0,-1.0,asym-1@amp-1.00,True,True,6,0.0819777229335159,False,False,5,0.1454624650068581
60.0,-1.0,asym-1@amp-1.00,True,True,6,0.08241237211041152,False,False,5,0.1688209909480065
59.0,-1.0,asym-1@amp-1.00,True,True,6,0.08176410896703601,False,False,5,0.16296351491473615
58.0,-1.0,asym-1@amp-1.00,True,True,6,0.0815583341754973,False,False,5,0.17235033679753542
57.0,-1.0,asym-1@amp-1.00,True,True,6,0.08183213998563588,False,False,5,0.1629130297806114
56.0,-1.0,asym-1@amp-1.00,True,True,6,0.08138690493069589,False,False,5,0.15292133414186537
55.0,-1.0,asym-1@amp-1.00,True,True,3,0.11275067203678191,False,False,7,0.2383138940203935
54.0,-1.0,asym-1@amp-1.00,True,True,3,0.1128332819789648,False,False,7,0.23472276516258717
53.0,-1.0,asym-1@amp-1.00,True,True,2,0.11026307591237128,False,False,8,0.25515653286129236
52.0,-1.0,asym-1@amp-1.00,True,True,2,0.11052616103552282,False,False,8,0.2550266799516976
51.0,-1.0,asym-1@amp-1.00,True,True,2,0.11055752797983587,False,False,9,0.27287008916027844
50.0,-1.0,asym-1@amp-1.00,True,True,2,0.1103478129953146,False,False,9,0.2729906609747559
49.0,-1.0,asym-1@amp-1.00,True,True,2,0.11058445693925023,False,False,9,0.29474704689346254
48.0,-1.0,asym-1@amp-1.00,True,True,2,0.11098462296649814,False,False,10,0.29353493405506015
47.0,-1.0,asym-1@amp-1.00,True,True,2,0.11086769588291645,False,False,16,0.3933494861703366
46.0,-1.0,asym-1@amp-1.00,True,True,2,0.11065716692246497,False,False,26,0.5720849200151861
45.0,-1.0,asym-1@amp-1.00,True,True,2,0.11001598089933395,False,False,17,0.41609473805874586
44.0,-1.0,asym-1@amp-1.00,True,True,2,0.10968566802330315,False,False,17,0.4382599589880556
43.0,-1.0,asym-1@amp-1.00,True,True,2,0.10980899096466601,False,False,20,0.4441302309278399
42.0,-1.0,asym-1@amp-1.00,True,True,2,0.10992042790167034,True,True,323,6.14480343204923
41.0,-1.0,asym-1@amp-1.00,True,True,3,0.112598235020414,True,True,70,1.45618083095178
40.0,-1.0,asym-1@amp-1.00,True,True,1,0.10776457004249096,True,True,31,0.7159944181330502
109.0,0.1,asym-1@spine+,True,True,4,0.061170918866992,True,True,9,0.18474323698319495
109.0,0.2,asym-1@spine+,True,True,4,0.061334116850048304,True,True,13,0.22891404619440436
109.0,0.3,asym-1@spine+,True,True,3,0.05982729606330395,True,True,19,0.3695916610304266
109.0,0.4,asym-1@spine+,True,True,3,0.05993202584795654,True,True,25,0.3526005349121988
109.0,0.5,asym-1@spine+,True,True,3,0.06002884404733777,True,True,30,0.411452264059335
109.0,0.6,asym-1@spine+,True,True,3,0.05993708805181086,True,True,33,0.4409966820385307
108.0,0.1,asym-1@amp+0.10,True,True,4,0.061168304877355695,True,True,9,0.16589531488716602
107.0,0.1,asym-1@amp+0.10,True,True,4,0.0614972289185971,True,True,9,0.16346083814278245
106.0,0.1,asym-1@amp+0.10,True,True,4,0.061316318111494184,True,True,9,0.16538673196919262
105.0,0.1,asym-1@amp+0.10,True,True,4,0.061403804924339056,True,True,9,0.16741882590577006
104.0,0.1,asym-1@amp+0.10,True,True,4,0.06212506699375808,True,True,9,0.16468119202181697
103.0,0.1,asym-1@amp+0.10,True,True,4,0.061578992987051606,True,True,9,0.168787483824417
102.0,0.1,asym-1@amp+0.10,True,True,4,0.061533110216259956,True,True,9,0.1640487709082663
101.0,0.1,asym-1@amp+0.10,True,True,4,0.06166171608492732,True,True,9,0.1630908129736781
100.0,0.1,asym-1@amp+0.10,True,True,4,0.06136407400481403,True,True,9,0.1628335288260132
99.0,0.1,asym-1@amp+0.10,True,True,4,0.06127511500380933,True,True,9,0.1644149678759277
98.0,0.1,asym-1@amp+0.10,True,True,4,0.061527766985818744,True,True,9,0.1636521650943905
97.0,0.1,asym-1@amp+0.10,True,True,4,0.06146968505345285,True,True,9,0.16524545499123633
96.0,0.1,asym-1@amp+0.10,True,True,8,0.09752499707974494,False,False,4,0.13496572989970446
95.0,0.1,asym-1@amp+0.10,True,True,7,0.08336442383006215,False,False,4,0.13540165009908378
94.0,0.1,asym-1@amp+0.10,True,True,7,0.08264148398302495,False,False,4,0.13517822604626417
93.0,0.1,asym-1@amp+0.10,True,True,6,0.08107445319183171,False,False,4,0.15259890793822706
92.0,0.1,asym-1@amp+0.10,True,True,6,0.08196625206619501,False,False,4,0.14730053301900625
91.0,0.1,asym-1@amp+0.10,True,True,6,0.08063408499583602,False,False,4,0.15525446110405028
90.0,0.1,asym-1@amp+0.10,True,True,6,0.08038184395991266,False,False,5,0.16010338091291487
89.0,0.1,asym-1@amp+0.10,True,True,5,0.07957515818998218,False,False,5,0.14993765694089234
88.0,0.1,asym-1@amp+0.10,True,True,5,0.07905593095347285,False,False,5,0.14820682909339666
87.0,0.1,asym-1@amp+0.10,True,True,5,0.43356985901482403,False,False,5,0.15182537189684808
86.0,0.1,asym-1@amp+0.10,True,True,4,0.0788942389190197,False,False,4,0.14331692992709577
85.0,0.1,asym-1@amp+0.10,True,True,4,0.07873223908245564,False,False,5,0.16258427314460278
84.0,0.1,asym-1@amp+0.10,True,True,5,0.08063805988058448,False,False,5,0.16178823402151465
83.0,0.1,asym-1@amp+0.10,False,False,350,0.6515655480325222,False,False,5,0.1547439000569284
82.0,0.1,asym-1@amp+0.10,False,False,146,0.3173775009345263,False,False,4,0.45792018505744636
81.0,0.1,asym-1@amp+0.10,False,False,350,0.674934659153223,False,False,4,0.14065309916622937
80.0,0.1,asym-1@amp+0.10,True,True,2,0.11124239396303892,False,False,11,0.3074264070019126
79.0,0.1,asym-1@amp+0.10,True,True,2,0.11117631779052317,False,False,15,0.3833037961740047
78.0,0.1,asym-1@amp+0.10,True,True,2,0.11070046597160399,True,True,104,2.0169694700744003
77.0,0.1,asym-1@amp+0.10,True,True,2,0.11120247398503125,False,False,22,0.5089826339390129
76.0,0.1,asym-1@amp+0.10,True,True,2,0.11076308880001307,False,False,19,0.4705458648968488
75.0,0.1,asym-1@amp+0.10,True,True,1,0.10783510794863105,False,False,19,0.4788190519902855
74.0,0.1,asym-1@amp+0.10,True,True,1,0.10780146904289722,False,False,24,0.6188568491488695
73.0,0.1,asym-1@amp+0.10,True,True,2,0.11175615806132555,False,False,39,0.790699791861698
72.0,0.1,asym-1@amp+0.10,True,True,1,0.1080223829485476,False,False,56,1.096401483984664
108.0,0.2,asym-1@amp+0.20,True,True,4,0.06183174788020551,True,True,13,0.2131685868371278
107.0,0.2,asym-1@amp+0.20,True,True,4,0.06187474401667714,True,True,13,0.21329405903816223
106.0,0.2,asym-1@amp+0.20,True,True,4,0.061677966034039855,True,True,13,0.21609862288460135
105.0,0.2,asym-1@amp+0.20,True,True,4,0.061765371123328805,True,True,13,0.2128831830341369
104.0,0.2,asym-1@amp+0.20,True,True,3,0.06007383298128843,True,True,13,0.21155505301430821
103.0,0.2,asym-1@amp+0.20,True,True,3,0.06028141896240413,True,True,13,0.21249065594747663
102.0,0.2,asym-1@amp+0.20,True,True,3,0.0605071319732815,True,True,13,0.2129478440620005
101.0,0.2,asym-1@amp+0.20,True,True,3,0.0601223420817405,True,True,13,0.21556184394285083
100.0,0.2,asym-1@amp+0.20,True,True,3,0.13313858094625175,True,True,13,0.21151704108342528
99.0,0.2,asym-1@amp+0.20,True,True,3,0.06051845499314368,True,True,13,0.21340188686735928
98.0,0.2,asym-1@amp+0.20,True,True,5,0.08052616007626057,False,False,4,0.1349390340037644
97.0,0.2,asym-1@amp+0.20,True,True,5,0.08023469196632504,False,False,4,0.13410645094700158
96.0,0.2,asym-1@amp+0.20,True,True,5,0.08021380007266998,False,False,4,0.13802242698147893
95.0,0.2,asym-1@amp+0.20,True,True,5,0.08033262495882809,False,False,4,0.13642694801092148
94.0,0.2,asym-1@amp+0.20,True,True,4,0.09176270803436637,False,False,4,0.13840301986783743
93.0,0.2,asym-1@amp+0.20,True,True,4,0.07924974011257291,False,False,4,0.13621709705330431
92.0,0.2,asym-1@amp+0.20,True,True,4,0.08136573689989746,False,False,4,0.13646795600652695
91.0,0.2,asym-1@amp+0.20,False,False,350,0.6615317158866674,False,False,5,0.15003844280727208
90.0,0.2,asym-1@amp+0.20,False,False,350,0.6587978859897703,False,False,5,0.1500850000884384
89.0,0.2,asym-1@amp+0.20,False,False,350,0.6640332438983023,False,False,5,0.15155861899256706
88.0,0.2,asym-1@amp+0.20,False,False,214,0.43884673598222435,False,False,5,0.15907870302908123
87.0,0.2,asym-1@amp+0.20,False,False,350,0.660466908942908,False,False,4,0.16410410008393228
86.0,0.2,asym-1@amp+0.20,True,True,9,0.099457266042009,False,False,4,0.16510223411023617
85.0,0.2,asym-1@amp+0.20,True,True,6,0.08233538083732128,False,False,4,0.1383431339636445
84.0,0.2,asym-1@amp+0.20,True,True,6,0.08190862997435033,False,False,4,0.1542315890546888
83.0,0.2,asym-1@amp+0.20,True,True,5,0.08040505298413336,False,False,4,0.15744320605881512
82.0,0.2,asym-1@amp+0.20,True,True,2,0.11166396294720471,False,False,25,0.5551716529298574
81.0,0.2,asym-1@amp+0.20,True,True,1,0.10771291516721249,False,False,16,0.3934971308335662
80.0,0.2,asym-1@amp+0.20,True,True,1,0.10792319616302848,False,False,16,0.7132750118616968
79.0,0.2,asym-1@amp+0.20,True,True,2,0.11146827996708453,False,False,19,0.43874560901895165
78.0,0.2,asym-1@amp+0.20,True,True,2,0.11341750901192427,False,False,30,0.6397659839130938
77.0,0.2,asym-1@amp+0.20,True,True,1,0.10886540496721864,False,False,34,0.6971265880856663
108.0,0.3,asym-1@amp+0.30,True,True,3,0.06025020987726748,True,True,18,0.2693705898709595
107.0,0.3,asym-1@amp+0.30,True,True,3,0.06035107118077576,True,True,18,0.36077707004733384
106.0,0.3,asym-1@amp+0.30,True,True,3,0.06171766389161348,True,True,18,0.27198478393256664
105.0,0.3,asym-1@amp+0.30,True,True,3,0.06085687014274299,True,True,18,0.29250578000210226
104.0,0.3,asym-1@amp+0.30,True,True,3,0.06036403519101441,True,True,18,0.31055768905207515
103.0,0.3,asym-1@amp+0.30,True,True,3,0.05993064003996551,True,True,18,0.3667901430744678
102.0,0.3,asym-1@amp+0.30,True,True,3,0.059989041881635785,True,True,17,0.2576608278322965
101.0,0.3,asym-1@amp+0.30,True,True,3,0.06019813404418528,True,True,17,0.26060000504367054
100.0,0.3,asym-1@amp+0.30,True,True,5,0.07958396221511066,False,False,4,0.1391891841776669
99.0,0.3,asym-1@amp+0.30,False,False,350,0.642989648040384,False,False,4,0.13823618600144982
98.0,0.3,asym-1@amp+0.30,False,False,350,0.6465816718991846,False,False,4,0.13972919597290456
97.0,0.3,asym-1@amp+0.30,False,False,230,0.4471540718805045,False,False,5,0.15250310208648443
96.0,0.3,asym-1@amp+0.30,False,False,350,0.6429824000224471,False,False,5,0.152030830970034
95.0,0.3,asym-1@amp+0.30,False,False,350,0.6443698590155691,False,False,5,0.15317912097088993
94.0,0.3,asym-1@amp+0.30,True,True,8,0.08467350387945771,False,False,5,0.15236890316009521
93.0,0.3,asym-1@amp+0.30,True,True,6,0.08114444790408015,False,False,5,0.16577781410887837
92.0,0.3,asym-1@amp+0.30,True,True,6,0.08139812992885709,False,False,4,0.13874919805675745
91.0,0.3,asym-1@amp+0.30,True,True,5,0.08099371613934636,False,False,4,0.13835273403674364
90.0,0.3,asym-1@amp+0.30,True,True,5,0.0845028490293771,False,False,4,0.13710125791840255
89.0,0.3,asym-1@amp+0.30,True,True,5,0.07970987586304545,False,False,4,0.15686362283304334
88.0,0.3,asym-1@amp+0.30,True,True,5,0.0794255780056119,False,False,5,0.14834901597350836
87.0,0.3,asym-1@amp+0.30,True,True,4,0.08519975910894573,False,False,5,0.14890943397767842
86.0,0.3,asym-1@amp+0.30,True,True,4,0.07925678603351116,False,False,5,0.14908419689163566
85.0,0.3,asym-1@amp+0.30,True,True,4,0.07914982689544559,False,False,5,0.14931005705147982
84.0,0.3,asym-1@amp+0.30,True,True,2,0.111883430974558,False,False,10,0.28600701806135476
83.0,0.3,asym-1@amp+0.30,True,True,1,0.11078366590663791,False,False,35,0.7089242509100586
82.0,0.3,asym-1@amp+0.30,True,True,1,0.1105346588883549,False,False,34,0.6951909051276743
108.0,0.4,asym-1@amp+0.40,True,True,3,0.06205334607511759,True,True,24,0.33995929593220353
107.0,0.4,asym-1@amp+0.40,True,True,3,0.06131430412642658,True,True,24,0.3385617481544614
106.0,0.4,asym-1@amp+0.40,True,True,3,0.060804998967796564,True,True,24,0.3380142238456756
105.0,0.4,asym-1@amp+0.40,True,True,3,0.06105673220008612,True,True,23,0.3296549590304494
104.0,0.4,asym-1@amp+0.40,True,True,3,0.06120635895058513,True,True,23,0.3312063270714134
103.0,0.4,asym-1@amp+0.40,True,True,3,0.06122398702427745,True,True,23,0.3434914839453995
102.0,0.4,asym-1@amp+0.40,True,True,6,0.08376153698191047,False,False,5,0.15475738793611526
101.0,0.4,asym-1@amp+0.40,True,True,6,0.08317523309960961,False,False,5,0.15173495700582862
100.0,0.4,asym-1@amp+0.40,True,True,5,0.08029039297252893,False,False,5,0.15146565600298345
99.0,0.4,asym-1@amp+0.40,True,True,5,0.08001241413876414,False,False,4,0.13824714883230627
98.0,0.4,asym-1@amp+0.40,True,True,5,0.08033257396891713,False,False,4,0.4718534310813993
97.0,0.4,asym-1@amp+0.40,True,True,5,0.08075657906010747,False,False,4,0.13771619298495352
96.0,0.4,asym-1@amp+0.40,True,True,5,0.08073350694030523,False,False,4,0.13881474011577666
95.0,0.4,asym-1@amp+0.40,True,True,4,0.07881343690678477,False,False,4,0.13826331007294357
94.0,0.4,asym-1@amp+0.40,True,True,4,0.07895546802319586,False,False,4,0.14003293891437352
93.0,0.4,asym-1@amp+0.40,True,True,4,0.07903025695122778,False,False,4,0.13899284088984132
92.0,0.4,asym-1@amp+0.40,True,True,4,0.07944143516942859,False,False,4,0.13942641112953424
91.0,0.4,asym-1@amp+0.40,True,True,4,0.07897427794523537,False,False,5,0.1538473549298942
90.0,0.4,asym-1@amp+0.40,True,True,4,0.07900146511383355,False,False,5,0.1524834898300469
89.0,0.4,asym-1@amp+0.40,True,True,3,0.0775569670367986,False,False,5,0.15102311503142118
88.0,0.4,asym-1@amp+0.40,True,True,3,0.07745856489054859,False,False,6,0.16683244705200195
108.0,0.5,asym-1@amp+0.50,True,True,3,0.06117514707148075,True,True,30,0.4396209840197116
107.0,0.5,asym-1@amp+0.50,True,True,3,0.06076600984670222,True,True,29,0.5188703299500048
106.0,0.5,asym-1@amp+0.50,True,True,3,0.06109908106736839,True,True,29,0.43090969207696617
105.0,0.5,asym-1@amp+0.50,True,True,3,0.06072043185122311,True,True,29,0.44326004083268344
104.0,0.5,asym-1@amp+0.50,True,True,5,0.08055336307734251,False,False,4,0.24819766986183822
103.0,0.5,asym-1@amp+0.50,True,True,5,0.08059758204035461,False,False,4,0.138345159124583
102.0,0.5,asym-1@amp+0.50,True,True,4,0.07862237514927983,False,False,4,0.1380436629988253
101.0,0.5,asym-1@amp+0.50,True,True,4,0.07875833404250443,False,False,4,0.14690094022080302
100.0,0.5,asym-1@amp+0.50,True,True,4,0.07897201692685485,False,False,4,0.1478166189044714
99.0,0.5,asym-1@amp+0.50,True,True,4,0.07908454700373113,False,False,4,0.1462238160893321
98.0,0.5,asym-1@amp+0.50,True,True,4,0.07889367709867656,False,False,4,0.14389850106090307
97.0,0.5,asym-1@amp+0.50,True,True,4,0.07848838903009892,False,False,5,0.15626145410351455
96.0,0.5,asym-1@amp+0.50,True,True,3,0.07704372005537152,False,False,5,0.15345345600508153
95.0,0.5,asym-1@amp+0.50,True,True,3,0.0770406920928508,False,False,5,0.1531370140146464
108.0,0.6,asym-1@amp+0.60,True,True,3,0.06099750706925988,True,True,33,0.44546484807506204
107.0,0.6,asym-1@amp+0.60,True,True,3,0.06074789119884372,True,True,32,0.4387373048812151
106.0,0.6,asym-1@amp+0.60,True,True,4,0.07865481986664236,False,False,4,0.13750880397856236
105.0,0.6,asym-1@amp+0.60,True,True,4,0.08020961307920516,False,False,4,0.13603458600118756
104.0,0.6,asym-1@amp+0.60,True,True,3,0.07793432706966996,False,False,4,0.1363683098461479
103.0,0.6,asym-1@amp+0.60,True,True,3,0.0786128609906882,False,False,5,0.15087256906554103
109.0,-0.1,sym@spine-,True,True,2,0.058924763929098845,True,True,7,0.1392223120201379
109.0,-0.2,sym@spine-,True,True,2,0.0586561500094831,True,True,10,0.19414275093004107
109.0,-0.3,sym@spine-,True,True,2,0.058942430187016726,True,True,12,0.2175073199905455
109.0,-0.4,sym@spine-,True,True,2,0.059928234899416566,True,True,15,0.3284093278925866
109.0,-0.5,sym@spine-,True,True,2,0.0594036381226033,True,True,29,0.3714413761626929
109.0,-0.6,sym@spine-,True,True,2,0.0586847651284188,True,True,72,0.9823238169774413
109.0,-0.7,sym@spine-,True,True,2,0.058522230945527554,False,False,350,3.960012244991958
109.0,-0.8,sym@spine-,True,True,2,0.05846572807058692,False,False,44,0.5778546819929034
109.0,-0.9,sym@spine-,True,True,2,0.058139096945524216,False,False,29,0.4927018010057509
109.0,-1.0,sym@spine-,True,True,2,0.05900756106711924,False,False,20,0.2891336400061846
108.0,-0.1,sym@amp-0.10,True,True,2,0.05821930197998881,True,True,6,0.12920338404364884
107.0,-0.1,sym@amp-0.10,True,True,2,0.058444663882255554,True,True,6,0.13172087911516428
106.0,-0.1,sym@amp-0.10,True,True,2,0.05824891594238579,True,True,6,0.12867077603004873
105.0,-0.1,sym@amp-0.10,True,True,2,0.09301594598218799,True,True,6,0.12650574394501746
104.0,-0.1,sym@amp-0.10,True,True,2,0.05876913107931614,True,True,6,0.129648027010262
103.0,-0.1,sym@amp-0.10,True,True,2,0.05835955520160496,True,True,6,0.4604265079833567
102.0,-0.1,sym@amp-0.10,True,True,2,0.058117915876209736,True,True,5,0.11426961096003652
101.0,-0.1,sym@amp-0.10,True,True,2,0.05875586997717619,True,True,5,0.11890490213409066
100.0,-0.1,sym@amp-0.10,True,True,2,0.05815021996386349,True,True,5,0.11507512419484556
99.0,-0.1,sym@amp-0.10,True,True,2,0.0589508400298655,True,True,5,0.1140187131240964
98.0,-0.1,sym@amp-0.10,True,True,2,0.05849037901498377,True,True,4,0.10493383812718093
97.0,-0.1,sym@amp-0.10,True,True,2,0.05828132387250662,True,True,5,0.11787287890911102
96.0,-0.1,sym@amp-0.10,True,True,2,0.05857465602457523,True,True,5,0.11973349610343575
95.0,-0.1,sym@amp-0.10,True,True,2,0.05804853094741702,True,True,5,0.13589512603357434
94.0,-0.1,sym@amp-0.10,True,True,2,0.059273912105709314,True,True,5,0.1379051289986819
93.0,-0.1,sym@amp-0.10,True,True,2,0.05903056706301868,True,True,5,0.13169136899523437
92.0,-0.1,sym@amp-0.10,True,True,3,0.07598557090386748,True,True,6,0.16792250401340425
91.0,-0.1,sym@amp-0.10,True,True,3,0.07644157111644745,True,True,6,0.16121023707091808
90.0,-0.1,sym@amp-0.10,True,True,3,0.07994676800444722,True,True,6,0.24257471109740436
89.0,-0.1,sym@amp-0.10,True,True,3,0.08243499114178121,True,True,6,0.16031637601554394
88.0,-0.1,sym@amp-0.10,True,True,3,0.07798819988965988,True,True,6,0.1615611428860575
87.0,-0.1,sym@amp-0.10,True,True,3,0.07626789598725736,True,True,6,0.16068736603483558
86.0,-0.1,sym@amp-0.10,True,True,3,0.07605668297037482,True,True,6,0.17885144404135644
85.0,-0.1,sym@amp-0.10,True,True,3,0.07542179012671113,True,True,7,0.1885621070396155
84.0,-0.1,sym@amp-0.10,True,True,3,0.08091426780447364,True,True,7,0.18705718987621367
83.0,-0.1,sym@amp-0.10,True,True,3,0.07618392002768815,True,True,7,0.28617109498009086
82.0,-0.1,sym@amp-0.10,True,True,3,0.07705499301664531,True,True,8,0.19189575710333884
81.0,-0.1,sym@amp-0.10,True,True,3,0.07757368008606136,True,True,8,0.1830338858999312
80.0,-0.1,sym@amp-0.10,True,True,3,0.07700273487716913,True,True,9,0.20404833694919944
79.0,-0.1,sym@amp-0.10,True,True,3,0.0839368209708482,True,True,9,0.20419107703492045
78.0,-0.1,sym@amp-0.10,True,True,3,0.08296910603530705,True,True,9,0.19686605804599822
77.0,-0.1,sym@amp-0.10,True,True,3,0.08276985795237124,True,True,11,0.24925325205549598
76.0,-0.1,sym@amp-0.10,True,True,3,0.08053930988535285,True,True,13,0.273737225914374
75.0,-0.1,sym@amp-0.10,True,True,1,0.1078713359311223,True,True,16,0.4597881401423365
74.0,-0.1,sym@amp-0.10,True,True,1,0.112162911798805,True,True,18,0.4035860230214894
73.0,-0.1,sym@amp-0.10,True,True,1,0.10649082087911665,True,True,20,0.4233418549410999
72.0,-0.1,sym@amp-0.10,True,True,1,0.11500525986775756,True,True,21,0.45273892395198345
71.0,-0.1,sym@amp-0.10,True,True,1,0.10674903797917068,True,True,23,0.5272046239115298
70.0,-0.1,sym@amp-0.10,True,True,1,0.10614537680521607,True,True,24,0.5195629810914397
69.0,-0.1,sym@amp-0.10,True,True,1,0.10823025810532272,True,True,22,0.4717069179750979
68.0,-0.1,sym@amp-0.10,True,True,1,0.1069413279183209,True,True,29,0.6020946549251676
67.0,-0.1,sym@amp-0.10,True,True,1,0.10776345105841756,True,True,40,0.7582890528719872
66.0,-0.1,sym@amp-0.10,True,True,1,0.10991392401047051,True,True,55,1.0560547821223736
65.0,-0.1,sym@amp-0.10,True,True,1,0.12494326196610928,False,False,350,6.497204876039177
64.0,-0.1,sym@amp-0.10,True,True,2,0.1128499349579215,False,False,13,0.34300686814822257
63.0,-0.1,sym@amp-0.10,True,True,1,0.10856669000349939,True,True,48,0.9086551910731941
62.0,-0.1,sym@amp-0.10,True,True,1,0.11087086191400886,True,True,64,1.1964664210099727
61.0,-0.1,sym@amp-0.10,True,True,1,0.10732145002111793,True,True,80,1.4368272621650249
60.0,-0.1,sym@amp-0.10,True,True,1,0.1066417507827282,True,True,97,1.7572640348225832
59.0,-0.1,sym@amp-0.10,True,True,1,0.10658818995580077,True,True,118,2.0666429528500885
58.0,-0.1,sym@amp-0.10,True,True,1,0.10670232214033604,True,True,144,2.873007314046845
57.0,-0.1,sym@amp-0.10,True,True,1,0.1065767880063504,True,True,176,3.1724539468996227
56.0,-0.1,sym@amp-0.10,True,True,1,0.10689152614213526,True,True,218,3.8327251330483705
55.0,-0.1,sym@amp-0.10,True,True,1,0.10644909297116101,True,True,272,4.782260625855997
54.0,-0.1,sym@amp-0.10,True,True,1,0.10880269692279398,True,True,339,7.501271361019462
53.0,-0.1,sym@amp-0.10,True,True,1,0.10725189791992307,False,False,350,5.676105120917782
52.0,-0.1,sym@amp-0.10,True,True,1,0.10662763100117445,False,False,350,6.103922816924751
51.0,-0.1,sym@amp-0.10,True,True,1,0.10638243495486677,True,True,321,5.8499399409629405
50.0,-0.1,sym@amp-0.10,True,True,1,0.10675513208843768,False,False,350,6.199985528830439
49.0,-0.1,sym@amp-0.10,True,True,1,0.10661691497080028,True,True,346,5.781082811066881
48.0,-0.1,sym@amp-0.10,True,True,1,0.10669978894293308,True,True,297,4.7471634859684855
47.0,-0.1,sym@amp-0.10,True,True,1,0.1063726160209626,True,True,251,4.491783394943923
46.0,-0.1,sym@amp-0.10,True,True,1,0.11772133805789053,True,True,213,3.634973088046536
45.0,-0.1,sym@amp-0.10,True,True,1,0.10690588806755841,True,True,182,3.3077255350071937
44.0,-0.1,sym@amp-0.10,True,True,1,0.10736387316137552,True,True,156,2.74410148197785
43.0,-0.1,sym@amp-0.10,True,True,1,0.10798371001146734,True,True,136,2.8195315790362656
42.0,-0.1,sym@amp-0.10,True,True,1,0.10818739794194698,True,True,118,2.2053207899443805
41.0,-0.1,sym@amp-0.10,True,True,1,0.1076629851013422,True,True,103,1.9623660980723798
40.0,-0.1,sym@amp-0.10,True,True,1,0.10744514199905097,True,True,88,1.6768097709864378
39.0,-0.1,sym@amp-0.10,True,True,1,0.107320595998317,True,True,63,1.220288892975077
38.0,-0.1,sym@amp-0.10,True,True,1,0.10752303409390152,True,True,72,1.41878872201778
37.0,-0.1,sym@amp-0.10,True,True,1,0.10720773809589446,True,True,75,1.3108602401334792
36.0,-0.1,sym@amp-0.10,True,True,2,0.11006839503534138,True,True,74,1.3611895099747926
35.0,-0.1,sym@amp-0.10,True,True,2,0.1107627700548619,True,True,72,1.2558438330888748
34.0,-0.1,sym@amp-0.10,True,True,2,0.14318578387610614,True,True,69,1.586026940960437
33.0,-0.1,sym@amp-0.10,True,True,2,0.11006957897916436,True,True,66,1.162024267949164
32.0,-0.1,sym@amp-0.10,True,True,2,0.1135693690739572,True,True,63,1.1858924571424723
31.0,-0.1,sym@amp-0.10,True,True,2,0.11411580303683877,True,True,60,1.2559720859862864
30.0,-0.1,sym@amp-0.10,True,True,2,0.12244477006606758,True,True,56,1.0370010300539434
29.0,-0.1,sym@amp-0.10,True,True,2,0.11383716110140085,True,True,53,0.9885661629959941
28.0,-0.1,sym@amp-0.10,True,True,2,0.11281001404859126,True,True,49,1.0135749080218375
27.0,-0.1,sym@amp-0.10,True,True,2,0.11224634200334549,True,True,46,0.8711681750137359
26.0,-0.1,sym@amp-0.10,True,True,2,0.20521517493762076,True,True,43,0.8212249809876084
25.0,-0.1,sym@amp-0.10,True,True,2,0.1127439842093736,True,True,40,0.7542920291889459
24.0,-0.1,sym@amp-0.10,True,True,2,0.10989841585978866,True,True,37,0.6953874661121517
23.0,-0.1,sym@amp-0.10,True,True,2,0.1100730940233916,True,True,34,0.6507253749296069
22.0,-0.1,sym@amp-0.10,True,True,2,0.10976497898809612,True,True,32,0.6196779159363359
21.0,-0.1,sym@amp-0.10,True,True,2,0.11000251187942922,True,True,30,0.5836253510788083
20.0,-0.1,sym@amp-0.10,True,True,2,0.1101050260476768,True,True,28,0.5595474739093333
108.0,-0.2,sym@amp-0.20,True,True,2,0.05852490896359086,True,True,9,0.47901201085187495
107.0,-0.2,sym@amp-0.20,True,True,2,0.05838971398770809,True,True,9,0.1558150250930339
106.0,-0.2,sym@amp-0.20,True,True,2,0.05870104394853115,True,True,8,0.14635227690450847
105.0,-0.2,sym@amp-0.20,True,True,2,0.058910260908305645,True,True,8,0.1469541268888861
104.0,-0.2,sym@amp-0.20,True,True,2,0.05872228695079684,True,True,8,0.14683189801871777
103.0,-0.2,sym@amp-0.20,True,True,2,0.05839548003859818,True,True,8,0.14635058003477752
102.0,-0.2,sym@amp-0.20,True,True,2,0.05829285993240774,True,True,8,0.14553079288452864
101.0,-0.2,sym@amp-0.20,True,True,2,0.05837729410268366,True,True,8,0.14457233203575015
100.0,-0.2,sym@amp-0.20,True,True,2,0.058152296813204885,True,True,7,0.13581451796926558
99.0,-0.2,sym@amp-0.20,True,True,2,0.05825617490336299,True,True,7,0.13511040108278394
98.0,-0.2,sym@amp-0.20,True,True,1,0.05668044905178249,True,True,6,0.12373939715325832
97.0,-0.2,sym@amp-0.20,True,True,2,0.05918023595586419,True,True,5,0.11222605314105749
96.0,-0.2,sym@amp-0.20,True,True,2,0.058363040909171104,True,True,6,0.2046094499528408
95.0,-0.2,sym@amp-0.20,True,True,2,0.05820607487112284,True,True,6,0.12637664307840168
94.0,-0.2,sym@amp-0.20,True,True,2,0.05823939689435065,True,True,7,0.1350416629575193
93.0,-0.2,sym@amp-0.20,True,True,2,0.058265230152755976,True,True,7,0.13434783602133393
92.0,-0.2,sym@amp-0.20,True,True,2,0.05787885095924139,True,True,7,0.1536925460677594
91.0,-0.2,sym@amp-0.20,True,True,3,0.07618974917568266,True,True,10,0.22887681401334703
90.0,-0.2,sym@amp-0.20,True,True,3,0.07578744017519057,True,True,10,0.2258200361393392
89.0,-0.2,sym@amp-0.20,True,True,3,0.0789592619985342,True,True,9,0.19665458495728672
88.0,-0.2,sym@amp-0.20,True,True,3,0.07661690004169941,True,True,9,0.19194600684568286
87.0,-0.2,sym@amp-0.20,True,True,3,0.07673865300603211,True,True,9,0.19126643612980843
86.0,-0.2,sym@amp-0.20,True,True,3,0.07682908605784178,True,True,9,0.19202682911418378
85.0,-0.2,sym@amp-0.20,True,True,3,0.07688672398217022,True,True,9,0.2005212891381234
84.0,-0.2,sym@amp-0.20,True,True,3,0.07650038809515536,True,True,9,0.20586278499104083
83.0,-0.2,sym@amp-0.20,True,True,3,0.07639888813719153,True,True,9,0.1918218401260674
82.0,-0.2,sym@amp-0.20,True,True,3,0.07628483907319605,True,True,9,0.19054989097639918
81.0,-0.2,sym@amp-0.20,True,True,3,0.07690813392400742,True,True,8,0.1786998170427978
80.0,-0.2,sym@amp-0.20,True,True,3,0.07644398487173021,True,True,8,0.18259903299622238
79.0,-0.2,sym@amp-0.20,True,True,3,0.0764205560553819,True,True,8,0.17825423018075526
78.0,-0.2,sym@amp-0.20,True,True,3,0.07723990501835942,True,True,8,0.17808861518278718
77.0,-0.2,sym@amp-0.20,True,True,3,0.07754423003643751,True,True,8,0.17874656710773706
76.0,-0.2,sym@amp-0.20,True,True,3,0.07651804108172655,True,True,9,0.19305740692652762
75.0,-0.2,sym@amp-0.20,True,True,3,0.07669668202288449,True,True,9,0.19028131500817835
74.0,-0.2,sym@amp-0.20,True,True,3,0.07656831899657845,True,True,10,0.20340966200456023
73.0,-0.2,sym@amp-0.20,True,True,1,0.10802274500019848,True,True,14,0.33286564191803336
72.0,-0.2,sym@amp-0.20,True,True,1,0.10712549486197531,True,True,15,0.34835800901055336
71.0,-0.2,sym@amp-0.20,True,True,1,0.10727187199518085,True,True,17,0.3788044070824981
70.0,-0.2,sym@amp-0.20,True,True,1,0.10808966495096684,True,True,18,0.39233594317920506
69.0,-0.2,sym@amp-0.20,True,True,1,0.1071206508204341,True,True,20,0.4249410491902381
68.0,-0.2,sym@amp-0.20,True,True,1,0.10763019393198192,True,True,20,0.42458236985839903
67.0,-0.2,sym@amp-0.20,True,True,1,0.10731068905442953,True,True,17,0.38113898201845586
66.0,-0.2,sym@amp-0.20,True,True,1,0.10749570489861071,True,True,25,0.5012365330476314
65.0,-0.2,sym@amp-0.20,True,True,1,0.10748540610074997,True,True,33,0.6253599438350648
64.0,-0.2,sym@amp-0.20,True,True,1,0.10737876011990011,True,True,42,0.7696520120371133
63.0,-0.2,sym@amp-0.20,True,True,1,0.10735623189248145,True,True,53,1.2913659298792481
62.0,-0.2,sym@amp-0.20,True,True,1,0.10725518804974854,True,True,79,1.3871217770501971
61.0,-0.2,sym@amp-0.20,True,True,1,0.10759491403587162,False,False,132,2.4046962270513177
60.0,-0.2,sym@amp-0.20,True,True,1,0.10780711588449776,True,True,33,0.6318756928667426
59.0,-0.2,sym@amp-0.20,True,True,1,0.10706771304830909,True,True,59,1.0355645520612597
58.0,-0.2,sym@amp-0.20,True,True,1,0.108145508216694,True,True,79,1.3671763339079916
57.0,-0.2,sym@amp-0.20,True,True,1,0.10734168998897076,True,True,99,1.7624771520495415
56.0,-0.2,sym@amp-0.20,True,True,1,0.106968745123595,True,True,124,2.054025559918955
55.0,-0.2,sym@amp-0.20,True,True,1,0.10800709808245301,True,True,155,2.859939857851714
54.0,-0.2,sym@amp-0.20,True,True,1,0.10712279984727502,True,True,196,3.288330444134772
53.0,-0.2,sym@amp-0.20,True,True,1,0.10695560812018812,True,True,252,4.157373300055042
52.0,-0.2,sym@amp-0.20,True,True,1,0.10693842289038002,True,True,329,5.615796739934012
51.0,-0.2,sym@amp-0.20,True,True,1,0.10671713692136109,False,False,350,6.440009342972189
50.0,-0.2,sym@amp-0.20,True,True,1,0.10771098593249917,False,False,350,6.054235102143139
49.0,-0.2,sym@amp-0.20,True,True,1,0.10720378300175071,False,False,350,6.718576625920832
48.0,-0.2,sym@amp-0.20,True,True,1,0.1070966781117022,False,False,350,5.769219140987843
47.0,-0.2,sym@amp-0.20,True,True,1,0.10692555690184236,False,False,350,6.036505189957097
46.0,-0.2,sym@amp-0.20,True,True,1,0.10672735003754497,False,False,350,6.25684847892262
45.0,-0.2,sym@amp-0.20,True,True,1,0.10726458695717156,True,True,296,5.29714697599411
44.0,-0.2,sym@amp-0.20,True,True,1,0.10742893791757524,True,True,232,4.6721485739108175
43.0,-0.2,sym@amp-0.20,True,True,1,0.10725155216641724,True,True,181,3.410773358074948
42.0,-0.2,sym@amp-0.20,True,True,1,0.10720471502281725,True,True,137,2.4944116880651563
41.0,-0.2,sym@amp-0.20,True,True,1,0.10727226617746055,True,True,87,1.6355755999684334
40.0,-0.2,sym@amp-0.20,True,True,1,0.10724049294367433,True,True,110,2.144358003977686
39.0,-0.2,sym@amp-0.20,True,True,1,0.10737569397315383,True,True,106,2.5527239539660513
38.0,-0.2,sym@amp-0.20,True,True,1,0.1073859219904989,True,True,100,1.9317975770682096
37.0,-0.2,sym@amp-0.20,True,True,2,0.10978436097502708,True,True,94,1.9358886368572712
36.0,-0.2,sym@amp-0.20,True,True,2,0.10983041697181761,True,True,88,1.6682050700765103
35.0,-0.2,sym@amp-0.20,True,True,2,0.10984349204227328,True,True,83,1.6252359091304243
34.0,-0.2,sym@amp-0.20,True,True,2,0.11013581487350166,True,True,78,1.49579151510261
33.0,-0.2,sym@amp-0.20,True,True,2,0.11030185199342668,True,True,73,1.3459561809431762
32.0,-0.2,sym@amp-0.20,True,True,2,0.11008123005740345,True,True,68,1.2706725161988288
31.0,-0.2,sym@amp-0.20,True,True,2,0.11289441911503673,True,True,63,1.2018157420679927
30.0,-0.2,sym@amp-0.20,True,True,2,0.1119068160187453,True,True,59,1.4491272810846567
29.0,-0.2,sym@amp-0.20,True,True,2,0.11070170206949115,True,True,55,1.085396254900843
28.0,-0.2,sym@amp-0.20,True,True,2,0.11004424188286066,True,True,51,0.9778757910244167
27.0,-0.2,sym@amp-0.20,True,True,2,0.1099944959860295,True,True,47,1.0585635001771152
26.0,-0.2,sym@amp-0.20,True,True,2,0.10959909087978303,True,True,44,0.88479138398543
25.0,-0.2,sym@amp-0.20,True,True,2,0.11026290478184819,True,True,41,1.0384226660244167
24.0,-0.2,sym@amp-0.20,True,True,2,0.1105294928420335,True,True,38,0.9075571410357952
23.0,-0.2,sym@amp-0.20,True,True,2,0.10997943603433669,True,True,35,0.8578553930856287
22.0,-0.2,sym@amp-0.20,True,True,2,0.11030712188221514,True,True,32,0.7682550668250769
21.0,-0.2,sym@amp-0.20,True,True,2,0.49630616907961667,True,True,30,0.6439970131032169
20.0,-0.2,sym@amp-0.20,True,True,2,0.1106492590624839,True,True,27,0.5872794359456748
108.0,-0.3,sym@amp-0.30,True,True,2,0.06251746695488691,True,True,12,0.3263625088147819
107.0,-0.3,sym@amp-0.30,True,True,2,0.06382442801259458,True,True,11,0.2069496449548751
106.0,-0.3,sym@amp-0.30,True,True,2,0.0632560970261693,True,True,10,0.17995491507463157
105.0,-0.3,sym@amp-0.30,True,True,2,0.06293288408778608,True,True,10,0.18753707688301802
104.0,-0.3,sym@amp-0.30,True,True,2,0.05979542899876833,True,True,10,0.18429355300031602
103.0,-0.3,sym@amp-0.30,True,True,2,0.06629191315732896,True,True,10,0.17920416104607284
102.0,-0.3,sym@amp-0.30,True,True,1,0.05973837408237159,True,True,10,0.18328964919783175
101.0,-0.3,sym@amp-0.30,True,True,1,0.06013950100168586,True,True,9,0.1692810480017215
100.0,-0.3,sym@amp-0.30,True,True,1,0.058172358898445964,True,True,9,0.17999877408146858
99.0,-0.3,sym@amp-0.30,True,True,1,0.06341401394456625,True,True,8,0.15422033285722136
98.0,-0.3,sym@amp-0.30,True,True,1,0.06449741101823747,True,True,7,0.14085994800552726
97.0,-0.3,sym@amp-0.30,True,True,1,0.056569434935227036,True,True,6,0.13280517398379743
96.0,-0.3,sym@amp-0.30,True,True,1,0.05700211995281279,True,True,7,0.1420918139629066
95.0,-0.3,sym@amp-0.30,True,True,1,0.05668586399406195,True,True,8,0.16220178990624845
94.0,-0.3,sym@amp-0.30,True,True,2,0.05825458699837327,True,True,8,0.16237298492342234
93.0,-0.3,sym@amp-0.30,True,True,2,0.05805292981676757,True,True,8,0.15466715209186077
92.0,-0.3,sym@amp-0.30,True,True,2,0.05824108002707362,True,True,9,0.16867948090657592
91.0,-0.3,sym@amp-0.30,True,True,2,0.06443514092825353,True,True,9,0.16965179797261953
90.0,-0.3,sym@amp-0.30,True,True,2,0.07222332083620131,True,True,9,0.16469220793806016
89.0,-0.3,sym@amp-0.30,True,True,3,0.08601262280717492,True,True,14,0.297810128191486
88.0,-0.3,sym@amp-0.30,True,True,3,0.07560860109515488,True,True,14,0.29959325212985277
87.0,-0.3,sym@amp-0.30,True,True,3,0.07575617800466716,True,True,13,0.30663612205535173
86.0,-0.3,sym@amp-0.30,True,True,3,0.07863340014591813,True,True,13,0.30976689397357404
85.0,-0.3,sym@amp-0.30,True,True,3,0.08710270095616579,True,True,13,0.27618295792490244
84.0,-0.3,sym@amp-0.30,True,True,3,0.07579235290177166,True,True,13,0.2745585339143872
83.0,-0.3,sym@amp-0.30,True,True,3,0.07611621986143291,True,True,12,0.3242022490594536
82.0,-0.3,sym@amp-0.30,True,True,3,0.07580569386482239,True,True,12,0.25403927895240486
81.0,-0.3,sym@amp-0.30,True,True,3,0.07731578615494072,True,True,12,0.2476337030529976
80.0,-0.3,sym@amp-0.30,True,True,3,0.07988101290538907,True,True,12,0.24860746902413666
79.0,-0.3,sym@amp-0.30,True,True,3,0.08175238384865224,True,True,11,0.23980032303370535
78.0,-0.3,sym@amp-0.30,True,True,3,0.07565301493741572,True,True,11,0.23149619693867862
77.0,-0.3,sym@amp-0.30,True,True,3,0.07566866790875793,True,True,11,0.23293530382215977
76.0,-0.3,sym@amp-0.30,True,True,3,0.08181800600141287,True,True,10,0.22200195700861514
75.0,-0.3,sym@amp-0.30,True,True,3,0.08643301203846931,True,True,10,0.5888239040505141
74.0,-0.3,sym@amp-0.30,True,True,3,0.08224704791791737,True,True,10,0.21806950005702674
73.0,-0.3,sym@amp-0.30,True,True,3,0.08579667285084724,True,True,10,0.21643996704369783
72.0,-0.3,sym@amp-0.30,True,True,3,0.07690555392764509,True,True,10,0.22454224107787013
71.0,-0.3,sym@amp-0.30,True,True,1,0.12098707095719874,True,True,10,0.31659294990822673
70.0,-0.3,sym@amp-0.30,True,True,1,0.11200668406672776,True,True,14,0.4179868248756975
69.0,-0.3,sym@amp-0.30,True,True,1,0.1117703621275723,True,True,16,0.5074057360179722
68.0,-0.3,sym@amp-0.30,True,True,1,0.12930488609708846,True,True,19,0.5761153888888657
67.0,-0.3,sym@amp-0.30,True,True,1,0.12626822688616812,True,True,21,0.7390483629424125
66.0,-0.3,sym@amp-0.30,True,True,1,0.11393063794821501,True,True,24,0.5819647242315114
65.0,-0.3,sym@amp-0.30,True,True,1,0.10946992388926446,True,True,26,0.6082400039304048
64.0,-0.3,sym@amp-0.30,True,True,1,0.10634980397298932,True,True,28,0.7362858208362013
63.0,-0.3,sym@amp-0.30,True,True,1,0.10921914502978325,True,True,28,0.7358400609809905
62.0,-0.3,sym@amp-0.30,True,True,1,0.12987798918038607,True,True,30,0.7627453941386193
61.0,-0.3,sym@amp-0.30,True,True,1,0.11004399694502354,True,True,45,0.9777334979735315
60.0,-0.3,sym@amp-0.30,True,True,1,0.10724592115730047,True,True,61,1.2323000489268452
59.0,-0.3,sym@amp-0.30,True,True,1,0.10735624097287655,True,True,87,1.591991427121684
58.0,-0.3,sym@amp-0.30,True,True,1,0.10736085497774184,False,False,350,6.697387294843793
57.0,-0.3,sym@amp-0.30,True,True,1,0.10752196214161813,False,False,37,0.7623536279425025
56.0,-0.3,sym@amp-0.30,True,True,1,0.10770158609375358,True,True,70,1.462307837093249
55.0,-0.3,sym@amp-0.30,True,True,1,0.1104956369381398,True,True,107,2.1930234858300537
54.0,-0.3,sym@amp-0.30,True,True,1,0.10707245813682675,True,True,148,2.5838986148592085
53.0,-0.3,sym@amp-0.30,True,True,1,0.10715512302704155,True,True,203,3.553682847879827
52.0,-0.3,sym@amp-0.30,True,True,1,0.10702408291399479,True,True,289,5.6960601101163775
51.0,-0.3,sym@amp-0.30,True,True,1,0.10726404190063477,False,False,350,6.516812172019854
50.0,-0.3,sym@amp-0.30,True,True,1,0.10730454209260643,False,False,350,6.211444037035108
49.0,-0.3,sym@amp-0.30,True,True,1,0.11483579804189503,False,False,350,6.944211927941069
48.0,-0.3,sym@amp-0.30,True,True,1,0.11698200600221753,False,False,350,6.31233613518998
47.0,-0.3,sym@amp-0.30,True,True,1,0.11143719195388258,False,False,350,6.534965943079442
46.0,-0.3,sym@amp-0.30,True,True,1,0.1141858680639416,False,False,350,6.770191270858049
45.0,-0.3,sym@amp-0.30,True,True,1,0.11105662188492715,False,False,350,6.482664437964559
44.0,-0.3,sym@amp-0.30,True,True,1,0.11678446689620614,False,False,350,6.072776844026521
43.0,-0.3,sym@amp-0.30,True,True,1,0.10911478707566857,False,False,350,5.800419578095898
42.0,-0.3,sym@amp-0.30,True,True,1,0.10766060301102698,True,True,313,5.749008932849392
41.0,-0.3,sym@amp-0.30,True,True,1,0.11105385795235634,True,True,255,4.316482478985563
40.0,-0.3,sym@amp-0.30,True,True,1,0.10888675996102393,True,True,207,3.4184810030274093
39.0,-0.3,sym@amp-0.30,True,True,1,0.11028264998458326,True,True,171,3.190390520961955
38.0,-0.3,sym@amp-0.30,True,True,1,0.1089610829949379,True,True,145,2.5038100318051875
37.0,-0.3,sym@amp-0.30,True,True,2,0.11180641502141953,True,True,126,2.287849599029869
36.0,-0.3,sym@amp-0.30,True,True,2,0.11337290704250336,True,True,111,1.9126433071214706
35.0,-0.3,sym@amp-0.30,True,True,2,0.11249287193641067,True,True,99,1.707726283930242
34.0,-0.3,sym@amp-0.30,True,True,2,0.11218099086545408,True,True,90,1.6865300298668444
33.0,-0.3,sym@amp-0.30,True,True,2,0.11158065893687308,True,True,81,1.474300122819841
32.0,-0.3,sym@amp-0.30,True,True,2,0.1208652260247618,True,True,74,1.3540781361516565
31.0,-0.3,sym@amp-0.30,True,True,2,0.11293785693123937,True,True,68,1.623287667054683
30.0,-0.3,sym@amp-0.30,True,True,2,0.11394500895403326,True,True,62,1.2029883530922234
29.0,-0.3,sym@amp-0.30,True,True,2,0.1345092391129583,True,True,57,1.1744672099594027
28.0,-0.3,sym@amp-0.30,True,True,2,0.11580394301563501,True,True,52,1.0674700760282576
27.0,-0.3,sym@amp-0.30,True,True,2,0.12458072905428708,True,True,48,1.0983289058785886
26.0,-0.3,sym@amp-0.30,True,True,2,0.11208544205874205,True,True,44,0.8586091480683535
25.0,-0.3,sym@amp-0.30,True,True,2,0.12883476307615638,True,True,41,0.7968637610320002
24.0,-0.3,sym@amp-0.30,True,True,2,0.11488834419287741,True,True,38,0.7348476198967546
23.0,-0.3,sym@amp-0.30,True,True,2,0.11080337897874415,True,True,35,0.6861453419551253
22.0,-0.3,sym@amp-0.30,True,True,2,0.11623074486851692,True,True,32,0.6382340618874878
21.0,-0.3,sym@amp-0.30,True,True,2,0.11176555883139372,True,True,29,0.5915492749772966
20.0,-0.3,sym@amp-0.30,True,True,2,0.11511123995296657,True,True,27,0.5586030851118267
108.0,-0.4,sym@amp-0.40,True,True,1,0.061280005145817995,True,True,14,0.21018896298483014
107.0,-0.4,sym@amp-0.40,True,True,1,0.061907467199489474,True,True,13,0.20483597298152745
106.0,-0.4,sym@amp-0.40,True,True,1,0.06453594006597996,True,True,12,0.1995340238790959
105.0,-0.4,sym@amp-0.40,True,True,1,0.06511810002848506,True,True,10,0.17332087992690504
104.0,-0.4,sym@amp-0.40,True,True,1,0.06097719888202846,True,True,9,0.16394430492073298
103.0,-0.4,sym@amp-0.40,True,True,1,0.05862250505015254,True,True,9,0.1555714539717883
102.0,-0.4,sym@amp-0.40,True,True,1,0.062373096123337746,True,True,9,0.1568366950377822
101.0,-0.4,sym@amp-0.40,True,True,1,0.06359088700264692,True,True,9,0.15825931797735393
100.0,-0.4,sym@amp-0.40,True,True,1,0.06411063112318516,True,True,9,0.1598493668716401
99.0,-0.4,sym@amp-0.40,True,True,1,0.06442063301801682,True,True,8,0.14391272515058517
98.0,-0.4,sym@amp-0.40,True,True,1,0.0642573800869286,True,True,8,0.14857201790437102
97.0,-0.4,sym@amp-0.40,True,True,1,0.05749149201437831,True,True,8,0.14486096403561532
96.0,-0.4,sym@amp-0.40,True,True,1,0.07771159987896681,True,True,8,0.14353134506382048
95.0,-0.4,sym@amp-0.40,True,True,1,0.05737482709810138,True,True,8,0.14436066313646734
94.0,-0.4,sym@amp-0.40,True,True,1,0.060906712897121906,True,True,9,0.1543838328216225
93.0,-0.4,sym@amp-0.40,True,True,1,0.060351792024448514,True,True,9,0.5222777440212667
92.0,-0.4,sym@amp-0.40,True,True,1,0.08323368988931179,True,True,9,0.15856804605573416
91.0,-0.4,sym@amp-0.40,True,True,1,0.05674652406014502,True,True,10,0.17430549184791744
90.0,-0.4,sym@amp-0.40,True,True,1,0.05764012807048857,True,True,10,0.19209791906177998
89.0,-0.4,sym@amp-0.40,True,True,1,0.059576590079814196,True,True,10,0.16782303899526596
88.0,-0.4,sym@amp-0.40,True,True,2,0.06259164307266474,True,True,10,0.16719828406348825
87.0,-0.4,sym@amp-0.40,True,True,3,0.08317068987526,True,True,20,0.3350629499182105
86.0,-0.4,sym@amp-0.40,True,True,3,0.08154553594067693,True,True,19,0.3493303540162742
85.0,-0.4,sym@amp-0.40,True,True,3,0.07828637096099555,True,True,19,0.32141800108365715
84.0,-0.4,sym@amp-0.40,True,True,3,0.07657305500470102,True,True,18,0.36914583295583725
83.0,-0.4,sym@amp-0.40,True,True,3,0.0765575838740915,True,True,18,0.31885720300488174
82.0,-0.4,sym@amp-0.40,True,True,3,0.07626505196094513,True,True,17,0.3101258520036936
81.0,-0.4,sym@amp-0.40,True,True,3,0.07830445189028978,True,True,17,0.42440474685281515
80.0,-0.4,sym@amp-0.40,True,True,3,0.07932321587577462,True,True,16,0.2872284920886159
79.0,-0.4,sym@amp-0.40,True,True,3,0.07783075096085668,True,True,16,0.28285811305977404
78.0,-0.4,sym@amp-0.40,True,True,3,0.0772724449634552,True,True,15,0.2696386380121112
77.0,-0.4,sym@amp-0.40,True,True,3,0.07567278202623129,True,True,15,0.27543831686489284
76.0,-0.4,sym@amp-0.40,True,True,3,0.07564556202851236,True,True,14,0.25887617096304893
75.0,-0.4,sym@amp-0.40,True,True,3,0.07606269605457783,True,True,13,0.2428538789972663
74.0,-0.4,sym@amp-0.40,True,True,3,0.07687344192527235,True,True,13,0.2594881518743932
73.0,-0.4,sym@amp-0.40,True,True,3,0.0755217270925641,True,True,13,0.26060963491909206
72.0,-0.4,sym@amp-0.40,True,True,3,0.0764953438192606,True,True,12,0.25569844082929194
71.0,-0.4,sym@amp-0.40,True,True,3,0.07704139011912048,True,True,12,0.23320607794448733
70.0,-0.4,sym@amp-0.40,True,True,3,0.07583085121586919,True,True,12,0.26684065302833915
69.0,-0.4,sym@amp-0.40,True,True,1,0.1068586630281061,True,True,16,0.3665023830253631
68.0,-0.4,sym@amp-0.40,True,True,1,0.10635848599486053,True,True,16,0.36952643701806664
67.0,-0.4,sym@amp-0.40,True,True,1,0.10621536383405328,True,True,14,0.3337392860557884
66.0,-0.4,sym@amp-0.40,True,True,1,0.10746770584955812,True,True,21,0.4492778480052948
65.0,-0.4,sym@amp-0.40,True,True,1,0.10674813785590231,True,True,25,0.5193295718636364
64.0,-0.4,sym@amp-0.40,True,True,1,0.10783759783953428,True,True,29,0.5702460440807045
63.0,-0.4,sym@amp-0.40,True,True,1,0.10643415804952383,True,True,34,0.6507012359797955
62.0,-0.4,sym@amp-0.40,True,True,1,0.10667487606406212,True,True,39,0.7346842670813203
61.0,-0.4,sym@amp-0.40,True,True,1,0.11246906104497612,True,True,45,0.9091547930147499
60.0,-0.4,sym@amp-0.40,True,True,1,0.10815683007240295,True,True,52,1.4428424339275807
59.0,-0.4,sym@amp-0.40,True,True,1,0.10669951606541872,True,True,62,1.1144524430856109
58.0,-0.4,sym@amp-0.40,True,True,1,0.11205657804384828,True,True,73,1.2797289418522269
57.0,-0.4,sym@amp-0.40,True,True,1,0.10971341119147837,True,True,86,1.6288129549939185
56.0,-0.4,sym@amp-0.40,True,True,1,0.1277953339740634,True,True,91,1.7866203901357949
55.0,-0.4,sym@amp-0.40,True,True,1,0.10810403688810766,True,True,239,4.078514514956623
54.0,-0.4,sym@amp-0.40,True,True,1,0.1073514458257705,False,False,27,0.5481867319904268
53.0,-0.4,sym@amp-0.40,True,True,1,0.10721457796171308,True,True,120,2.1948511069640517
52.0,-0.4,sym@amp-0.40,True,True,1,0.11343743395991623,True,True,242,4.626660574926063
51.0,-0.4,sym@amp-0.40,True,True,1,0.11173987993970513,False,False,350,6.397081841947511
50.0,-0.4,sym@amp-0.40,True,True,1,0.11266494798474014,False,False,318,5.3812077338807285
49.0,-0.4,sym@amp-0.40,True,True,1,0.10785091202706099,False,False,288,5.859111527912319
48.0,-0.4,sym@amp-0.40,True,True,1,0.1067464710213244,False,False,350,6.224107534158975
47.0,-0.4,sym@amp-0.40,True,True,1,0.10629552486352623,False,False,350,6.375044947024435
46.0,-0.4,sym@amp-0.40,True,True,1,0.1139659269247204,True,True,182,3.4351325558964163
45.0,-0.4,sym@amp-0.40,True,True,1,0.11323384498246014,True,True,227,3.9997719831299037
44.0,-0.4,sym@amp-0.40,True,True,1,0.10615677200257778,True,True,345,6.341081197140738
43.0,-0.4,sym@amp-0.40,True,True,1,0.10645679500885308,False,False,350,6.261527548078448
42.0,-0.4,sym@amp-0.40,True,True,1,0.10605284501798451,False,False,350,5.8518768039066344
41.0,-0.4,sym@amp-0.40,True,True,1,0.10617450997233391,False,False,350,6.307099175872281
40.0,-0.4,sym@amp-0.40,True,True,1,0.11207061493769288,False,False,350,6.411621221108362
39.0,-0.4,sym@amp-0.40,True,True,1,0.11183836380951107,True,True,325,6.165880837943405
38.0,-0.4,sym@amp-0.40,True,True,1,0.1061506390105933,True,True,234,4.539318980881944
37.0,-0.4,sym@amp-0.40,True,True,2,0.10940857394598424,True,True,181,3.2564750171732157
36.0,-0.4,sym@amp-0.40,True,True,2,0.10870349011383951,True,True,147,2.613369967089966
35.0,-0.4,sym@amp-0.40,True,True,2,0.11376464809291065,True,True,123,2.3096681679598987
34.0,-0.4,sym@amp-0.40,True,True,2,0.10991816106252372,True,True,106,2.290897058090195
33.0,-0.4,sym@amp-0.40,True,True,2,0.1087738259229809,True,True,92,1.6836808240041137
32.0,-0.4,sym@amp-0.40,True,True,2,0.10866096592508256,True,True,82,1.6229013169649988
31.0,-0.4,sym@amp-0.40,True,True,2,0.10849790507927537,True,True,73,1.521824483992532
30.0,-0.4,sym@amp-0.40,True,True,2,0.10851561115123332,True,True,66,1.2358970970381051
29.0,-0.4,sym@amp-0.40,True,True,2,0.1089292939286679,True,True,59,1.143470135051757
28.0,-0.4,sym@amp-0.40,True,True,2,0.10852171503938735,True,True,54,1.0401580850593746
27.0,-0.4,sym@amp-0.40,True,True,2,0.10866498784162104,True,True,49,0.9500653070863336
26.0,-0.4,sym@amp-0.40,True,True,2,0.10872371192090213,True,True,45,0.8800936541520059
25.0,-0.4,sym@amp-0.40,True,True,2,0.10885370196774602,True,True,41,0.8546268071513623
24.0,-0.4,sym@amp-0.40,True,True,2,0.1099679118487984,True,True,37,0.7272409261204302
23.0,-0.4,sym@amp-0.40,True,True,2,0.1091357609257102,True,True,34,0.6846056377980858
22.0,-0.4,sym@amp-0.40,True,True,2,0.10887696710415184,True,True,32,0.64546480611898
21.0,-0.4,sym@amp-0.40,True,True,2,0.10917336284182966,True,True,29,0.5986753557808697
20.0,-0.4,sym@amp-0.40,True,True,2,0.10941717983223498,True,True,27,1.0012494248803705
108.0,-0.5,sym@amp-0.50,True,True,2,0.05794268008321524,True,True,27,0.3764080931432545
107.0,-0.5,sym@amp-0.50,True,True,1,0.05691356002353132,True,True,25,0.35198500100523233
106.0,-0.5,sym@amp-0.50,True,True,1,0.056682572001591325,True,True,22,0.3297675489448011
105.0,-0.5,sym@amp-0.50,True,True,1,0.05653322604484856,True,True,20,0.2935650679282844
104.0,-0.5,sym@amp-0.50,True,True,1,0.056721186032518744,True,True,18,0.27069045091047883
103.0,-0.5,sym@amp-0.50,True,True,1,0.05654372903518379,True,True,15,0.23413872509263456
102.0,-0.5,sym@amp-0.50,True,True,1,0.056712836027145386,True,True,9,0.27797399600967765
101.0,-0.5,sym@amp-0.50,True,True,1,0.05656449403613806,True,True,13,0.2081649419851601
100.0,-0.5,sym@amp-0.50,True,True,1,0.05650999606586993,True,True,14,0.2232898068614304
99.0,-0.5,sym@amp-0.50,True,True,1,0.05668741883710027,True,True,13,0.26878053904511034
98.0,-0.5,sym@amp-0.50,True,True,1,0.0566558379214257,True,True,13,0.24834488495253026
97.0,-0.5,sym@amp-0.50,True,True,1,0.05639067408628762,True,True,12,0.31976071395911276
96.0,-0.5,sym@amp-0.50,True,True,1,0.056525117019191384,True,True,10,0.1822564471513033
95.0,-0.5,sym@amp-0.50,True,True,1,0.05737338098697364,True,True,9,0.16843332280404866
94.0,-0.5,sym@amp-0.50,True,True,1,0.05671245907433331,True,True,11,0.19316176301799715
93.0,-0.5,sym@amp-0.50,True,True,1,0.057745801052078605,True,True,11,0.18855204503051937
92.0,-0.5,sym@amp-0.50,True,True,1,0.05768319102935493,True,True,12,0.1995348089840263
91.0,-0.5,sym@amp-0.50,True,True,1,0.06616926193237305,True,True,12,0.19926676992326975
90.0,-0.5,sym@amp-0.50,True,True,1,0.05698938108980656,True,True,11,0.18831900600343943
89.0,-0.5,sym@amp-0.50,True,True,1,0.05767156393267214,True,True,11,0.1884173818398267
88.0,-0.5,sym@amp-0.50,True,True,1,0.05710728606209159,True,True,11,0.1877577609848231
87.0,-0.5,sym@amp-0.50,True,True,1,0.05796477687545121,True,True,10,0.17755930102430284
86.0,-0.5,sym@amp-0.50,True,True,1,0.05682149110361934,True,True,9,0.16551985521800816
85.0,-0.5,sym@amp-0.50,True,True,3,0.07656992599368095,True,True,29,0.5108420739416033
84.0,-0.5,sym@amp-0.50,True,True,3,0.0764209539629519,True,True,28,0.4723840558435768
83.0,-0.5,sym@amp-0.50,True,True,3,0.0767739659640938,True,True,27,0.4593690780457109
82.0,-0.5,sym@amp-0.50,True,True,3,0.07992046396248043,True,True,26,0.440057520987466
81.0,-0.5,sym@amp-0.50,True,True,3,0.07996676582843065,True,True,25,0.4274622038938105
80.0,-0.5,sym@amp-0.50,True,True,3,0.08412389294244349,True,True,24,0.4126339799258858
79.0,-0.5,sym@amp-0.50,True,True,3,0.08595297113060951,True,True,23,0.39855125499889255
78.0,-0.5,sym@amp-0.50,True,True,3,0.07785817817784846,True,True,22,0.3843978380318731
77.0,-0.5,sym@amp-0.50,True,True,3,0.0761067601852119,True,True,21,0.4191960790194571
76.0,-0.5,sym@amp-0.50,True,True,3,0.07703355187550187,True,True,20,0.37273142696358263
75.0,-0.5,sym@amp-0.50,True,True,3,0.08459176402539015,True,True,19,0.3531821670476347
74.0,-0.5,sym@amp-0.50,True,True,3,0.07808639481663704,True,True,18,0.33383410703390837
73.0,-0.5,sym@amp-0.50,True,True,3,0.07605615095235407,True,True,17,0.6892464640550315
72.0,-0.5,sym@amp-0.50,True,True,3,0.0758689648937434,True,True,17,0.31648375396616757
71.0,-0.5,sym@amp-0.50,True,True,3,0.07572833704762161,True,True,16,0.3053857621271163
70.0,-0.5,sym@amp-0.50,True,True,3,0.07551361108198762,True,True,16,0.31423929799348116
69.0,-0.5,sym@amp-0.50,True,True,3,0.07536766701377928,True,True,15,0.3002729939762503
68.0,-0.5,sym@amp-0.50,True,True,3,0.15541644697077572,True,True,15,0.3066008440218866
67.0,-0.5,sym@amp-0.50,True,True,3,0.07790677202865481,True,True,15,0.29050334193743765
66.0,-0.5,sym@amp-0.50,True,True,1,0.11140494886785746,True,True,21,0.4776604468934238
65.0,-0.5,sym@amp-0.50,True,True,1,0.10753775294870138,True,True,20,0.4638259068597108
64.0,-0.5,sym@amp-0.50,True,True,1,0.10873825987800956,True,True,22,0.5166290479246527
63.0,-0.5,sym@amp-0.50,True,True,1,0.1144191559869796,True,True,29,0.6704991988372058
62.0,-0.5,sym@amp-0.50,True,True,1,0.11070714402012527,True,True,35,0.8661742610856891
61.0,-0.5,sym@amp-0.50,True,True,1,0.11545969103462994,True,True,42,0.8437048010528088
60.0,-0.5,sym@amp-0.50,True,True,1,0.10910531808622181,True,True,50,0.9594937500078231
59.0,-0.5,sym@amp-0.50,True,True,1,0.115490643074736,True,True,60,1.1456266730092466
58.0,-0.5,sym@amp-0.50,True,True,1,0.10859007411636412,True,True,73,1.3766653621569276
57.0,-0.5,sym@amp-0.50,True,True,1,0.12575574591755867,True,True,90,1.6468328428454697
56.0,-0.5,sym@amp-0.50,True,True,1,0.11348962411284447,True,True,113,2.0306728701107204
55.0,-0.5,sym@amp-0.50,True,True,1,0.11089824396185577,True,True,149,3.0204589450731874
54.0,-0.5,sym@amp-0.50,True,True,1,0.11989665916189551,True,True,208,4.157014372060075
53.0,-0.5,sym@amp-0.50,True,True,1,0.11157423793338239,True,True,317,6.0636671672109514
52.0,-0.5,sym@amp-0.50,True,True,1,0.22608341206796467,False,False,350,6.8316779071465135
51.0,-0.5,sym@amp-0.50,True,True,2,0.1178891658782959,False,False,22,0.4915349269285798
50.0,-0.5,sym@amp-0.50,True,True,1,0.11888383096083999,False,False,336,6.1496986099518836
49.0,-0.5,sym@amp-0.50,True,True,1,0.10767736006528139,False,False,175,3.2319079618901014
48.0,-0.5,sym@amp-0.50,True,True,1,0.10797875793650746,False,False,143,2.624460816150531
47.0,-0.5,sym@amp-0.50,True,True,1,0.10881263203918934,False,False,350,7.185600087046623
46.0,-0.5,sym@amp-0.50,True,True,1,0.1085083328653127,False,False,350,6.320802303031087
45.0,-0.5,sym@amp-0.50,True,True,1,0.10970504395663738,False,False,350,6.524601612938568
44.0,-0.5,sym@amp-0.50,True,True,1,0.1090405450668186,True,True,158,3.1959914551116526
43.0,-0.5,sym@amp-0.50,True,True,1,0.10744526097550988,True,True,174,3.36486083897762
42.0,-0.5,sym@amp-0.50,True,True,1,0.10904820985160768,True,True,276,5.220878344029188
41.0,-0.5,sym@amp-0.50,True,True,1,0.11029660189524293,False,False,350,6.780697874026373
40.0,-0.5,sym@amp-0.50,True,True,1,0.10842992598190904,False,False,350,6.449555737897754
39.0,-0.5,sym@amp-0.50,True,True,1,0.1130091929808259,False,False,350,6.560342394979671
38.0,-0.5,sym@amp-0.50,True,True,1,0.10933876293711364,False,False,350,6.524876460898668
37.0,-0.5,sym@amp-0.50,True,True,2,0.11147524300031364,True,True,262,4.6810278000775725
36.0,-0.5,sym@amp-0.50,True,True,2,0.11217111395671964,True,True,193,3.8072385529521853
35.0,-0.5,sym@amp-0.50,True,True,2,0.11073719803243876,True,True,151,2.7984512229450047
34.0,-0.5,sym@amp-0.50,True,True,2,0.11113518616184592,True,True,123,2.4410219909623265
33.0,-0.5,sym@amp-0.50,True,True,2,0.10971882683224976,True,True,104,2.006447125924751
32.0,-0.5,sym@amp-0.50,True,True,2,0.1100851590745151,True,True,89,1.852567947935313
31.0,-0.5,sym@amp-0.50,True,True,2,0.10927935387007892,True,True,78,1.5275755368638784
30.0,-0.5,sym@amp-0.50,True,True,2,0.10956384497694671,True,True,69,1.4125058220233768
29.0,-0.5,sym@amp-0.50,True,True,2,0.11060929694212973,True,True,61,1.3379813369829208
28.0,-0.5,sym@amp-0.50,True,True,2,0.10950078908354044,True,True,55,1.1211514379829168
27.0,-0.5,sym@amp-0.50,True,True,2,0.1164766768924892,True,True,49,1.2641128639224917
26.0,-0.5,sym@amp-0.50,True,True,2,0.10888239718042314,True,True,45,0.9190669041126966
25.0,-0.5,sym@amp-0.50,True,True,2,0.10929683386348188,True,True,41,0.8103398538660258
24.0,-0.5,sym@amp-0.50,True,True,2,0.11132695293053985,True,True,37,0.7184670260176063
23.0,-0.5,sym@amp-0.50,True,True,2,0.11231019091792405,True,True,34,0.7550316308625042
22.0,-0.5,sym@amp-0.50,True,True,2,0.11017941893078387,True,True,31,0.6120448207948357
21.0,-0.5,sym@amp-0.50,True,True,2,0.10979551891796291,True,True,28,0.6367205779533833
20.0,-0.5,sym@amp-0.50,True,True,2,0.11151129915378988,True,True,26,0.6908369809389114
108.0,-0.6,sym@amp-0.60,True,True,2,0.05856785597279668,True,True,63,0.7570701469667256
107.0,-0.6,sym@amp-0.60,True,True,2,0.05910574505105615,True,True,56,0.6900307151954621
106.0,-0.6,sym@amp-0.60,True,True,2,0.09372610808350146,True,True,50,0.7608381758909672
105.0,-0.6,sym@amp-0.60,True,True,2,0.0603223389480263,True,True,44,0.6825818279758096
104.0,-0.6,sym@amp-0.60,True,True,1,0.05702614109031856,True,True,39,0.5514430119656026
103.0,-0.6,sym@amp-0.60,True,True,1,0.05810594814829528,True,True,35,0.4478207170031965
102.0,-0.6,sym@amp-0.60,True,True,1,0.05757757509127259,True,True,31,0.4073047807905823
101.0,-0.6,sym@amp-0.60,True,True,1,0.05700188083574176,True,True,26,0.3513485088478774
100.0,-0.6,sym@amp-0.60,True,True,1,0.05713102710433304,True,True,19,0.30518483789637685
99.0,-0.6,sym@amp-0.60,True,True,1,0.05686618899926543,True,True,19,0.3027174430899322
98.0,-0.6,sym@amp-0.60,True,True,1,0.0573706089053303,True,True,21,0.3160386399831623
97.0,-0.6,sym@amp-0.60,True,True,1,0.05693746590986848,True,True,21,0.3043846159707755
96.0,-0.6,sym@amp-0.60,True,True,1,0.05750572890974581,True,True,20,0.3165640670340508
95.0,-0.6,sym@amp-0.60,True,True,1,0.05701637896709144,True,True,19,0.3426346560008824
94.0,-0.6,sym@amp-0.60,True,True,1,0.056784142972901464,True,True,18,0.7070458000525832
93.0,-0.6,sym@amp-0.60,True,True,1,0.05671329307369888,True,True,16,0.2668463559821248
92.0,-0.6,sym@amp-0.60,True,True,1,0.05657142191193998,True,True,14,0.2463739651720971
91.0,-0.6,sym@amp-0.60,True,True,1,0.05789906601421535,True,True,7,0.15472243796102703
90.0,-0.6,sym@amp-0.60,True,True,1,0.057727650040760636,True,True,13,0.224326433846727
89.0,-0.6,sym@amp-0.60,True,True,1,0.05761759588494897,True,True,14,0.25081528490409255
88.0,-0.6,sym@amp-0.60,True,True,1,0.05741842300631106,True,True,15,0.26234850101172924
87.0,-0.6,sym@amp-0.60,True,True,1,0.05746888997964561,True,True,15,0.2524658259935677
86.0,-0.6,sym@amp-0.60,True,True,1,0.057815703796222806,True,True,14,0.24877887102775276
85.0,-0.6,sym@amp-0.60,True,True,1,0.05766174104064703,True,True,14,0.37544857105240226
84.0,-0.6,sym@amp-0.60,True,True,1,0.057556002866476774,True,True,14,0.23930396302603185
83.0,-0.6,sym@amp-0.60,True,True,3,0.07704912312328815,True,True,45,0.7712891679257154
82.0,-0.6,sym@amp-0.60,True,True,3,0.07751945802010596,True,True,42,0.7974002768751234
81.0,-0.6,sym@amp-0.60,True,True,3,0.07717515807598829,True,True,40,0.6696973240468651
80.0,-0.6,sym@amp-0.60,True,True,3,0.0768874199129641,True,True,37,0.6240447440650314
79.0,-0.6,sym@amp-0.60,True,True,3,0.08900370099581778,True,True,35,0.5916623619850725
78.0,-0.6,sym@amp-0.60,True,True,3,0.07760924706235528,True,True,33,0.5137554379180074
77.0,-0.6,sym@amp-0.60,True,True,3,0.0772279801312834,True,True,31,0.5673248469829559
76.0,-0.6,sym@amp-0.60,True,True,3,0.07613023417070508,True,True,29,0.5176167830359191
75.0,-0.6,sym@amp-0.60,True,True,3,0.07696539582684636,True,True,27,0.5168037831317633
74.0,-0.6,sym@amp-0.60,True,True,3,0.07663212507031858,True,True,26,0.5087150079198182
73.0,-0.6,sym@amp-0.60,True,True,3,0.07626216905191541,True,True,25,0.4670787900686264
72.0,-0.6,sym@amp-0.60,True,True,3,0.07850313186645508,True,True,23,0.4555275321472436
71.0,-0.6,sym@amp-0.60,True,True,3,0.07799474312923849,True,True,22,0.4266957649961114
70.0,-0.6,sym@amp-0.60,True,True,3,0.07678428199142218,True,True,21,0.37888168217614293
69.0,-0.6,sym@amp-0.60,True,True,3,0.07552372384816408,True,True,20,0.36770426691509783
68.0,-0.6,sym@amp-0.60,True,True,3,0.07625468587502837,True,True,19,0.36849869904108346
67.0,-0.6,sym@amp-0.60,True,True,3,0.07669372810050845,True,True,19,0.34553275303915143
66.0,-0.6,sym@amp-0.60,True,True,3,0.07622349099256098,True,True,18,0.33050632011145353
65.0,-0.6,sym@amp-0.60,True,True,3,0.07744463114067912,True,True,18,0.7126257140189409
64.0,-0.6,sym@amp-0.60,True,True,1,0.10878289979882538,True,True,25,0.5736175009515136
63.0,-0.6,sym@amp-0.60,True,True,1,0.10695793805643916,True,True,26,0.6106268481817096
62.0,-0.6,sym@amp-0.60,True,True,1,0.10786078311502934,True,True,24,0.5478014659602195
61.0,-0.6,sym@amp-0.60,True,True,1,0.10759189492091537,True,True,29,0.5871364180929959
60.0,-0.6,sym@amp-0.60,True,True,1,0.10757823195308447,True,True,39,0.8772673769854009
59.0,-0.6,sym@amp-0.60,True,True,1,0.1067837739828974,True,True,47,1.0800078629981726
58.0,-0.6,sym@amp-0.60,True,True,1,0.10773462895303965,True,True,57,1.3000882680062205
57.0,-0.6,sym@amp-0.60,True,True,1,0.10772772296331823,True,True,70,1.3254348789341748
56.0,-0.6,sym@amp-0.60,True,True,1,0.10652250587008893,True,True,87,1.7808475350029767
55.0,-0.6,sym@amp-0.60,True,True,1,0.10652345698326826,True,True,110,2.218490449944511
54.0,-0.6,sym@amp-0.60,True,True,1,0.10719671798869967,True,True,144,2.8249433520250022
53.0,-0.6,sym@amp-0.60,True,True,1,0.1074102611746639,True,True,198,4.395884405821562
52.0,-0.6,sym@amp-0.60,True,True,1,0.10903856484219432,True,True,296,5.788557376945391
51.0,-0.6,sym@amp-0.60,True,True,1,0.10977462190203369,False,False,350,6.572996872942895
50.0,-0.6,sym@amp-0.60,True,True,1,0.1099621260073036,False,False,350,6.828915904043242
49.0,-0.6,sym@amp-0.60,True,True,1,0.10652136709541082,False,False,102,2.1103786691091955
48.0,-0.6,sym@amp-0.60,True,True,1,0.10968956584110856,True,True,286,5.446363175986335
47.0,-0.6,sym@amp-0.60,True,True,1,0.10922679794020951,False,False,350,6.900872166967019
46.0,-0.6,sym@amp-0.60,True,True,1,0.11130056297406554,False,False,297,5.650563986971974
45.0,-0.6,sym@amp-0.60,True,True,1,0.11116639990359545,False,False,260,4.770888758823276
44.0,-0.6,sym@amp-0.60,True,True,1,0.11543972487561405,False,False,350,6.558600289048627
43.0,-0.6,sym@amp-0.60,True,True,1,0.12682378594763577,False,False,350,6.461266092024744
42.0,-0.6,sym@amp-0.60,True,True,1,0.13605481712147593,True,True,169,3.181708419928327
41.0,-0.6,sym@amp-0.60,True,True,1,0.5878461829852313,True,True,200,3.6924779911059886
40.0,-0.6,sym@amp-0.60,True,True,1,0.11137546598911285,False,False,350,7.034122960874811
39.0,-0.6,sym@amp-0.60,True,True,1,0.11046590004116297,False,False,350,6.444322535069659
38.0,-0.6,sym@amp-0.60,True,True,1,0.11003361898474395,False,False,350,6.673103458015248
37.0,-0.6,sym@amp-0.60,True,True,1,0.11064463993534446,True,True,320,6.033875769004226
36.0,-0.6,sym@amp-0.60,True,True,2,0.11289326683618128,True,True,225,4.016603274969384
35.0,-0.6,sym@amp-0.60,True,True,2,0.11457501095719635,True,True,171,3.4310781839303672
34.0,-0.6,sym@amp-0.60,True,True,2,0.12129189586266875,True,True,136,2.493104505818337
33.0,-0.6,sym@amp-0.60,True,True,2,0.2048067518044263,True,True,112,2.3139366628602147
32.0,-0.6,sym@amp-0.60,True,True,2,0.12808963982388377,True,True,95,1.815706563880667
31.0,-0.6,sym@amp-0.60,True,True,2,0.12350748898461461,True,True,81,1.563319926848635
30.0,-0.6,sym@amp-0.60,True,True,2,0.1284699949901551,True,True,71,1.328076494159177
29.0,-0.6,sym@amp-0.60,True,True,2,0.1209234029520303,True,True,62,1.1981184871401638
28.0,-0.6,sym@amp-0.60,True,True,2,0.11547560896724463,True,True,55,1.0804178968537599
27.0,-0.6,sym@amp-0.60,True,True,2,0.11005252320319414,True,True,49,0.9605466281063855
26.0,-0.6,sym@amp-0.60,True,True,2,0.11342164897359908,True,True,44,0.8767678060103208
25.0,-0.6,sym@amp-0.60,True,True,2,0.11260572401806712,True,True,40,0.8206066319253296
24.0,-0.6,sym@amp-0.60,True,True,2,0.10957796894945204,True,True,36,1.1142388239968568
23.0,-0.6,sym@amp-0.60,True,True,2,0.11303712101653218,True,True,33,0.6912076289299875
22.0,-0.6,sym@amp-0.60,True,True,2,0.11174423014745116,True,True,30,0.6408892620820552
21.0,-0.6,sym@amp-0.60,True,True,2,0.11338728899136186,True,True,28,0.6055369668174535
20.0,-0.6,sym@amp-0.60,True,True,2,0.11396358208730817,True,True,26,0.610469515202567
108.0,-0.7,sym@amp-0.70,True,True,2,0.05884939292445779,False,False,350,4.713503611041233
107.0,-0.7,sym@amp-0.70,True,True,2,0.0602281610481441,False,False,350,4.26101871393621
106.0,-0.7,sym@amp-0.70,True,True,2,0.05820658802986145,True,True,245,3.5163852910045534
105.0,-0.7,sym@amp-0.70,True,True,2,0.05896208784542978,True,True,174,2.2976566879078746
104.0,-0.7,sym@amp-0.70,True,True,2,0.06330266804434359,True,True,132,1.6359584908932447
103.0,-0.7,sym@amp-0.70,True,True,1,0.05747458292171359,True,True,104,1.3120060351211578
102.0,-0.7,sym@amp-0.70,True,True,1,0.05701643298380077,True,True,84,1.0935400140006095
101.0,-0.7,sym@amp-0.70,True,True,1,0.057340630097314715,True,True,69,0.8844571909867227
100.0,-0.7,sym@amp-0.70,True,True,1,0.05739512597210705,True,True,56,1.0969415651634336
99.0,-0.7,sym@amp-0.70,True,True,1,0.05708358297124505,True,True,44,0.6037771180272102
98.0,-0.7,sym@amp-0.70,True,True,1,0.057394829113036394,True,True,30,0.4344204810913652
97.0,-0.7,sym@amp-0.70,True,True,1,0.05777807207778096,True,True,37,0.502347475849092
96.0,-0.7,sym@amp-0.70,True,True,1,0.05743892886675894,True,True,36,0.5339419150259346
95.0,-0.7,sym@amp-0.70,True,True,1,0.061350095085799694,True,True,34,0.6473576140124351
94.0,-0.7,sym@amp-0.70,True,True,1,0.05820501106791198,True,True,32,0.5040093050338328
93.0,-0.7,sym@amp-0.70,True,True,1,0.05782291293144226,True,True,30,0.6039289340842515
92.0,-0.7,sym@amp-0.70,True,True,1,0.05827863188460469,True,True,28,0.40536105912178755
91.0,-0.7,sym@amp-0.70,True,True,1,0.06211236910894513,True,True,26,0.37277611903846264
90.0,-0.7,sym@amp-0.70,True,True,1,0.06616981490515172,True,True,25,0.35909699997864664
89.0,-0.7,sym@amp-0.70,True,True,1,0.0732937699649483,True,True,23,0.344170211115852
88.0,-0.7,sym@amp-0.70,True,True,1,0.06529302382841706,True,True,21,0.3264944348484278
87.0,-0.7,sym@amp-0.70,True,True,1,0.06730965315364301,True,True,19,0.2904860130511224
86.0,-0.7,sym@amp-0.70,True,True,1,0.07081287493929267,True,True,16,0.2481225929223001
85.0,-0.7,sym@amp-0.70,True,True,1,0.17875805217772722,True,True,10,0.1773858410306275
84.0,-0.7,sym@amp-0.70,True,True,1,0.06064700894057751,True,True,15,0.23525668308138847
83.0,-0.7,sym@amp-0.70,True,True,1,0.05773539189249277,True,True,16,0.24978842004202306
82.0,-0.7,sym@amp-0.70,True,True,1,0.05745540116913617,True,True,16,0.25068678008392453
81.0,-0.7,sym@amp-0.70,True,True,3,0.07718538795597851,True,True,78,1.2156428499147296
80.0,-0.7,sym@amp-0.70,True,True,3,0.07832396007142961,True,True,70,1.158227867912501
79.0,-0.7,sym@amp-0.70,True,True,3,0.07727371901273727,True,True,62,0.9445625739172101
78.0,-0.7,sym@amp-0.70,True,True,3,0.07724257092922926,True,True,56,0.9363645268604159
77.0,-0.7,sym@amp-0.70,True,True,3,0.0782112788874656,True,True,51,1.2267724429257214
76.0,-0.7,sym@amp-0.70,True,True,3,0.07714311219751835,True,True,47,0.7998055529315025
75.0,-0.7,sym@amp-0.70,True,True,3,0.07693391502834857,True,True,42,0.7123361472040415
74.0,-0.7,sym@amp-0.70,True,True,3,0.07679985999129713,True,True,39,0.7853695701342076
73.0,-0.7,sym@amp-0.70,True,True,3,0.07763311802409589,True,True,36,0.6237579029984772
72.0,-0.7,sym@amp-0.70,True,True,3,0.07745871017687023,True,True,33,0.6480578379705548
71.0,-0.7,sym@amp-0.70,True,True,3,0.07758502196520567,True,True,31,0.704818424070254
70.0,-0.7,sym@amp-0.70,True,True,3,0.07751976884901524,True,True,29,0.5265184890013188
69.0,-0.7,sym@amp-0.70,True,True,3,0.07830266212113202,True,True,27,0.5235236519947648
68.0,-0.7,sym@amp-0.70,True,True,3,0.07751964894123375,True,True,25,0.4500612688716501
67.0,-0.7,sym@amp-0.70,True,True,4,0.0790425781160593,True,True,23,0.41369273397140205
66.0,-0.7,sym@amp-0.70,True,True,4,0.0791617298964411,True,True,23,0.4110786239616573
65.0,-0.7,sym@amp-0.70,True,True,4,0.07950727292336524,True,True,23,0.41279950900934637
64.0,-0.7,sym@amp-0.70,True,True,4,0.0789027779828757,True,True,23,0.43064168794080615
63.0,-0.7,sym@amp-0.70,True,True,4,0.07868623686954379,True,True,23,0.4176811561919749
62.0,-0.7,sym@amp-0.70,True,True,1,0.10812003002502024,True,True,28,0.6330515621230006
61.0,-0.7,sym@amp-0.70,True,True,1,0.10965252411551774,True,True,30,0.6624567380640656
60.0,-0.7,sym@amp-0.70,True,True,1,0.10896724695339799,True,True,33,0.7389680901542306
59.0,-0.7,sym@amp-0.70,True,True,1,0.10802341997623444,True,True,35,0.7649706080555916
58.0,-0.7,sym@amp-0.70,True,True,1,0.10835713008418679,True,True,35,0.7875091698952019
57.0,-0.7,sym@amp-0.70,True,True,1,0.10855761193670332,True,True,30,0.7554822468664497
56.0,-0.7,sym@amp-0.70,True,True,1,0.1080415730830282,True,True,47,0.9423475069925189
55.0,-0.7,sym@amp-0.70,True,True,1,0.10723723797127604,True,True,59,1.608768756967038
54.0,-0.7,sym@amp-0.70,True,True,1,0.10712914098985493,True,True,72,1.48948859795928
53.0,-0.7,sym@amp-0.70,True,True,1,0.10659496183507144,True,True,87,1.7753829760476947
52.0,-0.7,sym@amp-0.70,True,True,1,0.10669129202142358,True,True,102,2.263455135980621
51.0,-0.7,sym@amp-0.70,True,True,1,0.10745094786398113,True,True,81,1.5812443729955703
50.0,-0.7,sym@amp-0.70,True,True,1,0.10758202103897929,True,True,171,3.13976426795125
49.0,-0.7,sym@amp-0.70,True,True,1,0.10737540596164763,True,True,256,4.658295802073553
48.0,-0.7,sym@amp-0.70,True,True,1,0.10838610702194273,False,False,350,6.971813991200179
47.0,-0.7,sym@amp-0.70,True,True,1,0.10834290692582726,False,False,350,6.378382091876119
46.0,-0.7,sym@amp-0.70,True,True,2,0.11141980090178549,True,True,164,2.882782706990838
45.0,-0.7,sym@amp-0.70,True,True,1,0.10901226382702589,False,False,350,7.023612804943696
44.0,-0.7,sym@amp-0.70,True,True,1,0.10831866110675037,False,False,350,6.034380868077278
43.0,-0.7,sym@amp-0.70,True,True,1,0.10717083909548819,False,False,350,6.601059528999031
42.0,-0.7,sym@amp-0.70,True,True,1,0.10692741582170129,False,False,350,6.3439145151060075
41.0,-0.7,sym@amp-0.70,True,True,1,0.10826995689421892,True,True,226,3.8933802500832826
40.0,-0.7,sym@amp-0.70,True,True,1,0.11229660105891526,True,True,253,4.5703796851448715
39.0,-0.7,sym@amp-0.70,True,True,1,0.10870022792369127,False,False,350,6.029971204930916
38.0,-0.7,sym@amp-0.70,True,True,1,0.10911181103438139,False,False,350,5.883682377170771
37.0,-0.7,sym@amp-0.70,True,True,1,0.1078259430360049,True,True,226,4.345380238024518
36.0,-0.7,sym@amp-0.70,True,True,2,0.1114623958710581,True,True,201,3.9291222761385143
35.0,-0.7,sym@amp-0.70,True,True,2,0.11134937987662852,True,True,164,3.0920495470054448
34.0,-0.7,sym@amp-0.70,True,True,2,0.1154312458820641,True,True,134,2.536201647017151
33.0,-0.7,sym@amp-0.70,True,True,2,0.12187661486677825,True,True,112,2.0729791200719774
32.0,-0.7,sym@amp-0.70,True,True,2,0.11058784392662346,True,True,95,1.7228319570422173
31.0,-0.7,sym@amp-0.70,True,True,2,0.11241955799050629,True,True,82,2.022924550808966
30.0,-0.7,sym@amp-0.70,True,True,2,0.14879406802356243,True,True,71,1.5061258708592504
29.0,-0.7,sym@amp-0.70,True,True,2,0.10977187100797892,True,True,62,1.4261995831038803
28.0,-0.7,sym@amp-0.70,True,True,2,0.1147297618445009,True,True,55,1.2115099730435759
27.0,-0.7,sym@amp-0.70,True,True,2,0.11425538687035441,True,True,49,0.9776787851005793
26.0,-0.7,sym@amp-0.70,True,True,2,0.1353337299078703,True,True,44,0.8824530870188028
25.0,-0.7,sym@amp-0.70,True,True,2,0.12212880211882293,True,True,39,0.7997628550510854
24.0,-0.7,sym@amp-0.70,True,True,2,0.116229745792225,True,True,35,0.693939354037866
23.0,-0.7,sym@amp-0.70,True,True,2,0.11726373410783708,True,True,32,0.6648075010161847
22.0,-0.7,sym@amp-0.70,True,True,2,0.12301897280849516,True,True,29,0.6174253989011049
21.0,-0.7,sym@amp-0.70,True,True,2,0.11751096486113966,True,True,27,0.5851189331151545
20.0,-0.7,sym@amp-0.70,True,True,2,0.11493383790366352,True,True,25,0.5211611720733345
107.0,-0.8,sym@amp-0.80,True,True,2,0.0592241648118943,False,False,51,0.6711320029571652
106.0,-0.8,sym@amp-0.80,True,True,2,0.05856064194813371,False,False,72,0.9303544780705124
105.0,-0.8,sym@amp-0.80,True,True,2,0.05822005704976618,False,False,98,1.2118063971865922
104.0,-0.8,sym@amp-0.80,True,True,2,0.058713994920253754,False,False,136,2.012786533916369
103.0,-0.8,sym@amp-0.80,True,True,2,0.05827688588760793,False,False,202,2.676454707980156
102.0,-0.8,sym@amp-0.80,True,True,1,0.05677034892141819,False,False,350,4.105355320964009
101.0,-0.8,sym@amp-0.80,True,True,1,0.05817597405984998,False,False,350,4.6257704680319875
100.0,-0.8,sym@amp-0.80,True,True,1,0.05906936200335622,False,False,350,4.682603339897469
99.0,-0.8,sym@amp-0.80,True,True,1,0.05939829908311367,True,True,285,3.4682471088599414
98.0,-0.8,sym@amp-0.80,True,True,1,0.05889874184504151,True,True,160,2.3199861850589514
97.0,-0.8,sym@amp-0.80,True,True,1,0.05966307804919779,True,True,94,1.1991443641018122
96.0,-0.8,sym@amp-0.80,True,True,1,0.060040571028366685,True,True,71,1.0015120459720492
95.0,-0.8,sym@amp-0.80,True,True,1,0.05961584602482617,True,True,69,1.0666045199614018
94.0,-0.8,sym@amp-0.80,True,True,1,0.0582050362136215,True,True,62,0.7886285909917206
93.0,-0.8,sym@amp-0.80,True,True,1,0.05768264806829393,True,True,56,0.7154202540405095
92.0,-0.8,sym@amp-0.80,True,True,1,0.05768568906933069,True,True,50,0.6394430729560554
91.0,-0.8,sym@amp-0.80,True,True,1,0.05867246584966779,True,True,45,0.5857584381010383
90.0,-0.8,sym@amp-0.80,True,True,1,0.05914254393428564,True,True,41,0.5731131159700453
89.0,-0.8,sym@amp-0.80,True,True,1,0.06091446499340236,True,True,37,0.4850696271751076
88.0,-0.8,sym@amp-0.80,True,True,1,0.058239995036274195,True,True,34,0.45030995015986264
87.0,-0.8,sym@amp-0.80,True,True,1,0.07331051514483988,True,True,31,0.4169120059814304
86.0,-0.8,sym@amp-0.80,True,True,1,0.06394002586603165,True,True,29,0.3955090050585568
85.0,-0.8,sym@amp-0.80,True,True,1,0.059596237959340215,True,True,26,0.36532012396492064
84.0,-0.8,sym@amp-0.80,True,True,1,0.0582273630425334,True,True,24,0.33924051793292165
83.0,-0.8,sym@amp-0.80,True,True,1,0.05722566205076873,True,True,22,0.32966861315071583
82.0,-0.8,sym@amp-0.80,True,True,1,0.05749444500543177,True,True,19,0.27800421486608684
81.0,-0.8,sym@amp-0.80,True,True,1,0.05728042614646256,True,True,16,0.24301489302888513
80.0,-0.8,sym@amp-0.80,True,True,1,0.05716030509211123,True,True,6,0.13018711493350565
79.0,-0.8,sym@amp-0.80,True,True,3,0.07734652608633041,True,True,181,2.784632593858987
78.0,-0.8,sym@amp-0.80,True,True,3,0.07730054180137813,True,True,137,2.247927908785641
77.0,-0.8,sym@amp-0.80,True,True,3,0.0768467381130904,True,True,110,1.6863630269654095
76.0,-0.8,sym@amp-0.80,True,True,3,0.0771434330381453,True,True,91,1.4019034849479795
75.0,-0.8,sym@amp-0.80,True,True,3,0.07683100597932935,True,True,77,1.1983166199643165
74.0,-0.8,sym@amp-0.80,True,True,3,0.07683430518954992,True,True,66,1.0517702780198306
73.0,-0.8,sym@amp-0.80,True,True,3,0.07724064099602401,True,True,58,0.9381368570029736
72.0,-0.8,sym@amp-0.80,True,True,3,0.07775464002043009,True,True,51,0.7906385860405862
71.0,-0.8,sym@amp-0.80,True,True,3,0.5493922180030495,True,True,46,0.7281059969682246
70.0,-0.8,sym@amp-0.80,True,True,3,0.07931116386316717,True,True,41,1.0671713599003851
69.0,-0.8,sym@amp-0.80,True,True,3,0.08544749883003533,True,True,37,0.5874442029744387
68.0,-0.8,sym@amp-0.80,True,True,3,0.07988947397097945,True,True,34,0.5524434908293188
67.0,-0.8,sym@amp-0.80,True,True,3,0.082612588070333,True,True,33,0.616740888915956
66.0,-0.8,sym@amp-0.80,True,True,3,0.0787392701022327,True,True,32,0.6162896619644016
65.0,-0.8,sym@amp-0.80,True,True,4,0.08316542604006827,True,True,31,0.6123008511494845
64.0,-0.8,sym@amp-0.80,True,True,4,0.08657898590900004,True,True,31,0.5836155309807509
63.0,-0.8,sym@amp-0.80,True,True,4,0.0806599750649184,True,True,30,0.6180655229836702
62.0,-0.8,sym@amp-0.80,True,True,4,0.09466394991613925,True,True,29,0.4998267060145736
61.0,-0.8,sym@amp-0.80,True,True,4,0.07900544907897711,True,True,28,0.48186726798303425
60.0,-0.8,sym@amp-0.80,True,True,1,0.10759757296182215,True,True,28,0.6080445710103959
59.0,-0.8,sym@amp-0.80,True,True,1,0.10907535813748837,True,True,30,0.6071901631075889
58.0,-0.8,sym@amp-0.80,True,True,1,0.11370737804099917,True,True,31,0.6513959171716124
57.0,-0.8,sym@amp-0.80,True,True,1,0.11104459990747273,True,True,33,0.6876973770558834
56.0,-0.8,sym@amp-0.80,True,True,1,0.16442209016531706,True,True,34,0.7526894689071923
55.0,-0.8,sym@amp-0.80,True,True,1,0.11525593209080398,True,True,36,0.761854125186801
54.0,-0.8,sym@amp-0.80,True,True,1,0.13716010306961834,True,True,36,0.8528381870128214
53.0,-0.8,sym@amp-0.80,True,True,1,0.10774268605746329,True,True,32,0.7611405691131949
52.0,-0.8,sym@amp-0.80,True,True,1,0.10710277291946113,True,True,37,0.9115496331360191
51.0,-0.8,sym@amp-0.80,True,True,1,0.10790721187368035,True,True,42,0.8776160711422563
50.0,-0.8,sym@amp-0.80,True,True,1,0.11236235895194113,True,True,46,0.8910076359752566
49.0,-0.8,sym@amp-0.80,True,True,1,0.11652252194471657,True,True,68,1.619429353158921
48.0,-0.8,sym@amp-0.80,True,True,1,0.10912873805500567,True,True,85,1.468200241215527
47.0,-0.8,sym@amp-0.80,True,True,1,0.11058920295909047,True,True,102,1.8315263339318335
46.0,-0.8,sym@amp-0.80,True,True,1,0.1110017851460725,True,True,119,2.184448617976159
45.0,-0.8,sym@amp-0.80,True,True,1,0.110305889043957,True,True,139,2.4856814900413156
44.0,-0.8,sym@amp-0.80,True,True,3,0.11632521217688918,False,False,25,0.5187920220196247
43.0,-0.8,sym@amp-0.80,True,True,1,0.10756592289544642,True,True,161,2.8214873489923775
42.0,-0.8,sym@amp-0.80,True,True,1,0.108242531074211,True,True,177,3.0843356680125
41.0,-0.8,sym@amp-0.80,True,True,1,0.10760093084536493,True,True,140,2.9152064968366176
40.0,-0.8,sym@amp-0.80,True,True,1,0.10697333398275077,True,True,234,4.282939882948995
39.0,-0.8,sym@amp-0.80,True,True,1,0.11115541285835207,True,True,252,4.903562688967213
38.0,-0.8,sym@amp-0.80,True,True,1,0.11115504801273346,True,True,230,3.9182156370952725
37.0,-0.8,sym@amp-0.80,True,True,1,0.11233203508891165,True,True,188,3.5927847048733383
36.0,-0.8,sym@amp-0.80,True,True,2,0.11495517590083182,True,True,138,2.7293053939938545
35.0,-0.8,sym@amp-0.80,True,True,2,0.11390971997752786,True,True,119,2.023402536055073
34.0,-0.8,sym@amp-0.80,True,True,2,0.11450334219262004,True,True,112,1.9094544239342213
33.0,-0.8,sym@amp-0.80,True,True,2,0.11808109492994845,True,True,100,1.6882126408163458
32.0,-0.8,sym@amp-0.80,True,True,2,0.11527424305677414,True,True,88,1.490885600913316
31.0,-0.8,sym@amp-0.80,True,True,2,0.11836759396828711,True,True,77,1.3413277170620859
30.0,-0.8,sym@amp-0.80,True,True,2,0.13378094788640738,True,True,68,1.5773652140051126
29.0,-0.8,sym@amp-0.80,True,True,2,0.15938973217271268,True,True,60,1.0676694528665394
28.0,-0.8,sym@amp-0.80,True,True,2,0.12525131297297776,True,True,53,0.9471807980444282
27.0,-0.8,sym@amp-0.80,True,True,2,0.12945051793940365,True,True,47,0.93790018488653
26.0,-0.8,sym@amp-0.80,True,True,2,0.11281455704011023,True,True,42,0.7999821540433913
25.0,-0.8,sym@amp-0.80,True,True,2,0.12319937394931912,True,True,38,0.9169689768459648
24.0,-0.8,sym@amp-0.80,True,True,2,0.12287066597491503,True,True,34,0.7004163260571659
23.0,-0.8,sym@amp-0.80,True,True,2,0.12293918593786657,True,True,31,0.6750247580930591
22.0,-0.8,sym@amp-0.80,True,True,2,0.11410141503438354,True,True,28,0.6139096131082624
21.0,-0.8,sym@amp-0.80,True,True,2,0.11483133397996426,True,True,26,0.5771671619731933
20.0,-0.8,sym@amp-0.80,True,True,3,0.11992648197337985,True,True,24,0.5277569938916713
108.0,-0.9,sym@amp-0.90,True,True,2,0.06256938492879272,False,False,27,0.41269311704672873
107.0,-0.9,sym@amp-0.90,True,True,2,0.06288099777884781,False,False,30,0.47505371808074415
105.0,-0.9,sym@amp-0.90,True,True,2,0.06038267188705504,False,False,32,0.47457395400851965
104.0,-0.9,sym@amp-0.90,True,True,2,0.05884168413467705,False,False,42,0.5896062101237476
103.0,-0.9,sym@amp-0.90,True,True,2,0.059286826057359576,False,False,52,0.6742466271389276
102.0,-0.9,sym@amp-0.90,True,True,2,0.06261230120435357,False,False,66,0.8606539107859135
101.0,-0.9,sym@amp-0.90,True,True,1,0.05974544305354357,False,False,82,1.0533141430933028
100.0,-0.9,sym@amp-0.90,True,True,1,0.057775028981268406,False,False,105,1.8670521602034569
99.0,-0.9,sym@amp-0.90,True,True,1,0.06082825502380729,False,False,147,1.7059310618788004
98.0,-0.9,sym@amp-0.90,True,True,1,0.06075675296597183,False,False,206,2.5375764560885727
97.0,-0.9,sym@amp-0.90,True,True,1,0.06115997605957091,False,False,262,2.8426507220137864
96.0,-0.9,sym@amp-0.90,True,True,1,0.0611939518712461,False,False,350,4.114408808061853
95.0,-0.9,sym@amp-0.90,True,True,1,0.06087347096763551,False,False,350,4.37704887194559
94.0,-0.9,sym@amp-0.90,True,True,1,0.06113901501521468,True,True,335,4.04783513606526
93.0,-0.9,sym@amp-0.90,True,True,1,0.0607156059704721,True,True,166,2.2653784099966288
92.0,-0.9,sym@amp-0.90,True,True,1,0.060547488974407315,True,True,115,1.37994712498039
91.0,-0.9,sym@amp-0.90,True,True,1,0.058892950881272554,True,True,85,1.1533557698130608
90.0,-0.9,sym@amp-0.90,True,True,1,0.058563678059726954,True,True,65,0.7926819659769535
89.0,-0.9,sym@amp-0.90,True,True,1,0.05886418907903135,True,True,50,0.5968556739389896
88.0,-0.9,sym@amp-0.90,True,True,1,0.05860260594636202,True,True,35,0.4366456300485879
87.0,-0.9,sym@amp-0.90,True,True,1,0.05739354295656085,True,True,26,0.3404637339990586
86.0,-0.9,sym@amp-0.90,True,True,1,0.05725408694706857,True,True,32,0.39801551192067564
85.0,-0.9,sym@amp-0.90,True,True,1,0.0569710589479655,True,True,32,0.39446203387342393
84.0,-0.9,sym@amp-0.90,True,True,1,0.05721757700666785,True,True,30,0.4086856439244002
83.0,-0.9,sym@amp-0.90,True,True,1,0.057188453152775764,True,True,28,0.3709383700042963
82.0,-0.9,sym@amp-0.90,True,True,1,0.057163172867149115,True,True,27,0.3520930679515004
81.0,-0.9,sym@amp-0.90,True,True,1,0.058200624072924256,True,True,25,0.324560594977811
80.0,-0.9,sym@amp-0.90,True,True,1,0.059193128952756524,True,True,23,0.30153505504131317
79.0,-0.9,sym@amp-0.90,True,True,1,0.05890735797584057,True,True,21,0.2754133481066674
78.0,-0.9,sym@amp-0.90,True,True,1,0.059789211954921484,True,True,19,0.2630150350742042
77.0,-0.9,sym@amp-0.90,True,True,3,0.07996557792648673,False,False,350,5.315816052956507
76.0,-0.9,sym@amp-0.90,True,True,3,0.07947184797376394,False,False,350,5.155827857088298
75.0,-0.9,sym@amp-0.90,True,True,3,0.07923189387656748,True,True,225,3.326094183139503
74.0,-0.9,sym@amp-0.90,True,True,3,0.07891136291436851,True,True,153,2.6418139000888914
73.0,-0.9,sym@amp-0.90,True,True,3,0.07888101111166179,True,True,114,1.6566329488996416
72.0,-0.9,sym@amp-0.90,True,True,3,0.07907717092894018,True,True,90,1.4012297408189625
71.0,-0.9,sym@amp-0.90,True,True,3,0.0793803851120174,True,True,74,1.025376624893397
70.0,-0.9,sym@amp-0.90,True,True,3,0.0776849421672523,True,True,62,0.8675239928998053
69.0,-0.9,sym@amp-0.90,True,True,3,0.07720508286729455,True,True,53,0.7411816262174398
68.0,-0.9,sym@amp-0.90,True,True,3,0.07681774511002004,True,True,47,0.670475390041247
67.0,-0.9,sym@amp-0.90,True,True,3,0.07736089709214866,True,True,44,0.6331719479057938
66.0,-0.9,sym@amp-0.90,True,True,3,0.07719902088865638,True,True,44,0.6318156230263412
65.0,-0.9,sym@amp-0.90,True,True,3,0.08015050808899105,True,True,44,0.6656134771183133
64.0,-0.9,sym@amp-0.90,True,True,4,0.08207011711783707,True,True,43,0.6864297930151224
63.0,-0.9,sym@amp-0.90,True,True,4,0.08156653796322644,True,True,42,0.6156437487807125
62.0,-0.9,sym@amp-0.90,True,True,4,0.08148556295782328,True,True,41,0.5877026920206845
61.0,-0.9,sym@amp-0.90,True,True,4,0.08156554400920868,True,True,40,0.9418103671632707
60.0,-0.9,sym@amp-0.90,True,True,4,0.08261495316401124,True,True,38,0.8140527762006968
59.0,-0.9,sym@amp-0.90,True,True,4,0.08207267196848989,True,True,36,1.4258174111600965
58.0,-0.9,sym@amp-0.90,True,True,1,0.113760428968817,True,True,23,0.48004068597219884
57.0,-0.9,sym@amp-0.90,True,True,1,0.11858615698292851,True,True,23,0.4920679039787501
56.0,-0.9,sym@amp-0.90,True,True,1,0.11862396402284503,True,True,22,0.5431585949845612
55.0,-0.9,sym@amp-0.90,True,True,1,0.1185663950163871,True,True,21,0.43981800391338766
54.0,-0.9,sym@amp-0.90,True,True,1,0.11686776811257005,True,True,20,0.45478981686756015
53.0,-0.9,sym@amp-0.90,True,True,1,0.1117022919934243,True,True,16,0.3800264378078282
52.0,-0.9,sym@amp-0.90,True,True,1,0.12950995517894626,True,True,19,0.5311012289021164
51.0,-0.9,sym@amp-0.90,True,True,1,0.10823215800337493,True,True,21,0.4388656159862876
50.0,-0.9,sym@amp-0.90,True,True,1,0.10839540814049542,True,True,23,0.4698518239893019
49.0,-0.9,sym@amp-0.90,True,True,1,0.10904644196853042,True,True,25,0.5061096050776541
48.0,-0.9,sym@amp-0.90,True,True,1,0.11119382781907916,True,True,29,0.5617564730346203
47.0,-0.9,sym@amp-0.90,True,True,1,0.1105252061970532,True,True,31,0.6021350850351155
46.0,-0.9,sym@amp-0.90,True,True,1,0.11030992097221315,True,True,32,0.6105701311025769
45.0,-0.9,sym@amp-0.90,True,True,1,0.1106582679785788,True,True,34,0.6424854139331728
44.0,-0.9,sym@amp-0.90,True,True,1,0.11006002896465361,True,True,43,0.791663970798254
43.0,-0.9,sym@amp-0.90,True,True,1,0.11059933109208941,True,True,47,0.854284109082073
42.0,-0.9,sym@amp-0.90,True,True,1,0.1103399801068008,True,True,77,1.3155940079595894
41.0,-0.9,sym@amp-0.90,True,True,1,0.11045112018473446,True,True,65,1.1260784051846713
40.0,-0.9,sym@amp-0.90,True,True,1,0.10769218089990318,True,True,65,1.1352670469786972
39.0,-0.9,sym@amp-0.90,True,True,1,0.10812245006673038,True,True,57,1.423028773162514
38.0,-0.9,sym@amp-0.90,True,True,1,0.110399428056553,True,True,77,1.3402587450109422
37.0,-0.9,sym@amp-0.90,True,True,2,0.11127031780779362,True,True,83,1.50839135190472
36.0,-0.9,sym@amp-0.90,True,True,2,0.11929578590206802,True,True,80,1.5191975780762732
35.0,-0.9,sym@amp-0.90,True,True,2,0.12199568096548319,True,True,66,1.155904175946489
34.0,-0.9,sym@amp-0.90,True,True,2,0.11512404796667397,True,True,80,1.3900592538993806
33.0,-0.9,sym@amp-0.90,True,True,2,0.1174282138235867,True,True,78,1.3586791271809489
32.0,-0.9,sym@amp-0.90,True,True,2,0.11290920805186033,True,True,74,1.3062415439635515
31.0,-0.9,sym@amp-0.90,True,True,2,0.12190886284224689,True,True,68,1.1954127450007945
30.0,-0.9,sym@amp-0.90,True,True,2,0.11996163404546678,True,True,62,1.0904069319367409
29.0,-0.9,sym@amp-0.90,True,True,2,0.1107421601191163,True,True,55,0.9753414210863411
28.0,-0.9,sym@amp-0.90,True,True,2,0.11231292388401926,True,True,50,0.8981446009129286
27.0,-0.9,sym@amp-0.90,True,True,2,0.11255586403422058,True,True,45,1.1897582011297345
26.0,-0.9,sym@amp-0.90,True,True,2,0.11838291701860726,True,True,40,0.814025912899524
25.0,-0.9,sym@amp-0.90,True,True,2,0.11331477505154908,True,True,36,0.6896405138541013
24.0,-0.9,sym@amp-0.90,True,True,2,0.12321918387897313,True,True,33,0.633318156003952
23.0,-0.9,sym@amp-0.90,True,True,2,0.12243179511278868,True,True,30,0.6665878128260374
22.0,-0.9,sym@amp-0.90,True,True,2,0.11335125006735325,True,True,27,0.5470538400113583
21.0,-0.9,sym@amp-0.90,True,True,2,0.11276412988081574,True,True,25,0.5350827218499035
20.0,-0.9,sym@amp-0.90,True,True,3,0.11571171483956277,True,True,23,0.6108331370633096
108.0,-1.0,sym@amp-1.00,True,True,2,0.05921209417283535,False,False,21,0.27975211408920586
107.0,-1.0,sym@amp-1.00,True,True,2,0.05856033111922443,False,False,22,0.29311517300084233
106.0,-1.0,sym@amp-1.00,True,True,2,0.058508242946118116,False,False,22,0.29671869496814907
105.0,-1.0,sym@amp-1.00,True,True,2,0.0581195130944252,False,False,22,0.2907043101731688
103.0,-1.0,sym@amp-1.00,True,True,2,0.058690277859568596,False,False,27,0.34254550002515316
102.0,-1.0,sym@amp-1.00,True,True,2,0.05832596588879824,False,False,35,0.42678973195143044
101.0,-1.0,sym@amp-1.00,True,True,2,0.058206697925925255,False,False,44,0.5276894201524556
100.0,-1.0,sym@amp-1.00,True,True,1,0.05847916891798377,False,False,62,0.7107134710531682
99.0,-1.0,sym@amp-1.00,True,True,1,0.05875719012692571,False,False,59,0.6757999530527741
98.0,-1.0,sym@amp-1.00,True,True,1,0.5296106201130897,False,False,62,0.7115656880196184
97.0,-1.0,sym@amp-1.00,True,True,1,0.05896390392445028,False,False,70,0.7890973680187017
96.0,-1.0,sym@amp-1.00,True,True,1,0.058727426920086145,False,False,82,0.919994612922892
95.0,-1.0,sym@amp-1.00,True,True,1,0.09071024204604328,False,False,100,1.451004171045497
94.0,-1.0,sym@amp-1.00,True,True,1,0.06028081593103707,False,False,129,1.4140322448220104
93.0,-1.0,sym@amp-1.00,True,True,1,0.06000036606565118,False,False,184,2.2687285740394145
92.0,-1.0,sym@amp-1.00,True,True,1,0.05759238498285413,False,False,310,3.308879673946649
91.0,-1.0,sym@amp-1.00,True,True,1,0.057491421001031995,False,False,350,4.080067099072039
90.0,-1.0,sym@amp-1.00,True,True,1,0.05909954896196723,False,False,350,3.992329505039379
89.0,-1.0,sym@amp-1.00,True,True,1,0.05755855212919414,False,False,350,3.7780855160672218
88.0,-1.0,sym@amp-1.00,True,True,1,0.057216065004467964,True,True,211,2.6226708272006363
87.0,-1.0,sym@amp-1.00,True,True,1,0.057702312944456935,True,True,141,1.6576976769138128
86.0,-1.0,sym@amp-1.00,True,True,1,0.05944633414037526,True,True,105,1.3046999538782984
85.0,-1.0,sym@amp-1.00,True,True,1,0.060020630015060306,True,True,83,1.0005856261122972
84.0,-1.0,sym@amp-1.00,True,True,1,0.06010777200572193,True,True,68,0.7785505750216544
83.0,-1.0,sym@amp-1.00,True,True,1,0.06008496508002281,True,True,57,0.6596418737899512
82.0,-1.0,sym@amp-1.00,True,True,1,0.06029687309637666,True,True,48,0.5908685231115669
81.0,-1.0,sym@amp-1.00,True,True,1,0.06027178093791008,True,True,41,0.49142625788226724
80.0,-1.0,sym@amp-1.00,True,True,1,0.06022431701421738,True,True,35,0.42846806603483856
79.0,-1.0,sym@amp-1.00,True,True,1,0.059839773923158646,True,True,30,0.3733826440293342
78.0,-1.0,sym@amp-1.00,True,True,1,0.060427917866036296,True,True,23,0.3025357169099152
77.0,-1.0,sym@amp-1.00,True,True,1,0.06040451000444591,True,True,18,0.24625797988846898
76.0,-1.0,sym@amp-1.00,True,True,1,0.06027723615989089,True,True,22,0.3005663559306413
75.0,-1.0,sym@amp-1.00,True,True,3,0.08095836802385747,False,False,23,0.36596484016627073
74.0,-1.0,sym@amp-1.00,True,True,3,0.07701831706799567,False,False,42,0.9747371429111809
73.0,-1.0,sym@amp-1.00,True,True,3,0.0768587130587548,False,False,350,4.786398325115442
72.0,-1.0,sym@amp-1.00,True,True,3,0.07682553702034056,True,True,223,2.906397846993059
71.0,-1.0,sym@amp-1.00,True,True,3,0.07689661206677556,True,True,143,1.9334301750641316
70.0,-1.0,sym@amp-1.00,True,True,3,0.0770561620593071,True,True,104,1.3835357590578496
69.0,-1.0,sym@amp-1.00,True,True,3,0.0800751221831888,True,True,80,1.4355319710448384
68.0,-1.0,sym@amp-1.00,True,True,3,0.0810624381992966,True,True,64,0.8923690628726035
67.0,-1.0,sym@amp-1.00,True,True,3,0.08026601979508996,True,True,62,0.9372675381600857
66.0,-1.0,sym@amp-1.00,True,True,3,0.08239276707172394,True,True,63,0.8925017479341477
65.0,-1.0,sym@amp-1.00,True,True,3,0.07940589403733611,True,True,64,1.11267180996947
64.0,-1.0,sym@amp-1.00,True,True,3,0.07929381402209401,True,True,64,0.8982453001663089
63.0,-1.0,sym@amp-1.00,True,True,3,0.07904906501062214,True,True,64,0.8938777879811823
62.0,-1.0,sym@amp-1.00,True,True,4,0.08116029505617917,True,True,62,0.8606890041846782
61.0,-1.0,sym@amp-1.00,True,True,4,0.10139397508464754,True,True,60,0.8257137220352888
60.0,-1.0,sym@amp-1.00,True,True,4,0.07917876983992755,True,True,56,0.7871536961756647
59.0,-1.0,sym@amp-1.00,True,True,4,0.08322977088391781,True,True,52,0.7271824460476637
58.0,-1.0,sym@amp-1.00,True,True,4,0.08513092901557684,True,True,47,0.6708869941066951
57.0,-1.0,sym@amp-1.00,True,True,4,0.08583696908317506,True,True,42,0.6087135279085487
56.0,-1.0,sym@amp-1.00,True,True,4,0.08479953999631107,True,True,38,0.5500407470390201
55.0,-1.0,sym@amp-1.00,True,True,1,0.11992239090614021,True,True,23,0.49464098596945405
54.0,-1.0,sym@amp-1.00,True,True,1,0.11667362414300442,True,True,24,0.48812145413830876
53.0,-1.0,sym@amp-1.00,True,True,1,0.11500759702175856,True,True,22,0.45805579610168934
52.0,-1.0,sym@amp-1.00,True,True,1,0.11189124686643481,True,True,25,0.5032061380334198
51.0,-1.0,sym@amp-1.00,True,True,1,0.11225431808270514,True,True,28,0.548237700946629
50.0,-1.0,sym@amp-1.00,True,True,1,0.11271567898802459,True,True,30,0.5774312219582498
49.0,-1.0,sym@amp-1.00,True,True,1,0.1381489101331681,True,True,34,0.7317561761010438
48.0,-1.0,sym@amp-1.00,True,True,1,0.12438166700303555,True,True,32,0.6306434110738337
47.0,-1.0,sym@amp-1.00,True,True,1,0.12469316180795431,True,True,33,0.6594819710589945
46.0,-1.0,sym@amp-1.00,True,True,1,0.12465778598561883,True,True,34,0.7572487001307309
45.0,-1.0,sym@amp-1.00,True,True,1,0.12456219899468124,True,True,35,0.6584377139806747
44.0,-1.0,sym@amp-1.00,True,True,1,0.11910256906412542,True,True,30,0.5808801811654121
43.0,-1.0,sym@amp-1.00,True,True,1,0.10959541401825845,True,True,30,0.580579899949953
42.0,-1.0,sym@amp-1.00,True,True,1,0.10940998187288642,True,True,28,0.5539157609455287
41.0,-1.0,sym@amp-1.00,True,True,1,0.10991936782374978,True,True,31,0.5972979271318763
40.0,-1.0,sym@amp-1.00,True,True,1,0.12393110804259777,True,True,31,0.5963770640082657
39.0,-1.0,sym@amp-1.00,True,True,1,0.11852331785485148,True,True,27,0.5346892110537738
38.0,-1.0,sym@amp-1.00,True,True,2,0.11955756694078445,True,True,32,0.620528622996062
37.0,-1.0,sym@amp-1.00,True,True,2,0.1322846889961511,True,True,38,0.7020050277933478
36.0,-1.0,sym@amp-1.00,True,True,2,0.12460453691892326,True,True,43,0.7900409779977053
35.0,-1.0,sym@amp-1.00,True,True,2,0.13216813397593796,True,True,48,0.8631825989577919
34.0,-1.0,sym@amp-1.00,True,True,2,0.13097369601018727,True,True,52,0.9205337399616838
33.0,-1.0,sym@amp-1.00,True,True,2,0.11144078988581896,True,True,55,0.9719070601277053
32.0,-1.0,sym@amp-1.00,True,True,2,0.11176203889772296,True,True,55,1.368664211826399
31.0,-1.0,sym@amp-1.00,True,True,2,0.11194642609916627,True,True,54,1.0322440641466528
30.0,-1.0,sym@amp-1.00,True,True,2,0.11426977394148707,True,True,52,0.9276084648445249
29.0,-1.0,sym@amp-1.00,True,True,2,0.11613173200748861,True,True,48,0.947326647117734
28.0,-1.0,sym@amp-1.00,True,True,2,0.11607427196577191,True,True,44,0.8524827759247273
27.0,-1.0,sym@amp-1.00,True,True,2,0.11352889891713858,True,True,41,0.8748821588233113
26.0,-1.0,sym@amp-1.00,True,True,2,0.11373756499961019,True,True,37,0.6914981189183891
25.0,-1.0,sym@amp-1.00,True,True,2,0.11661647888831794,True,True,34,0.6423205088358372
24.0,-1.0,sym@amp-1.00,True,True,2,0.11696897889487445,True,True,31,0.6019069280009717
23.0,-1.0,sym@amp-1.00,True,True,2,0.11488481611013412,True,True,28,0.547154783969745
22.0,-1.0,sym@amp-1.00,True,True,2,0.11065174802206457,True,True,26,0.5297764718998224
21.0,-1.0,sym@amp-1.00,True,True,2,0.11032900307327509,True,True,24,0.48608117015101016
20.0,-1.0,sym@amp-1.00,True,True,3,0.11330624017864466,True,True,22,0.4541660740505904
109.0,0.1,sym@spine+,True,True,2,0.05989225092343986,True,True,6,0.12189154094085097
109.0,0.2,sym@spine+,True,True,2,0.061126041226089,True,True,10,0.1687255878932774
109.0,0.3,sym@spine+,True,True,2,0.06738317804411054,True,True,13,0.19675095891579986
109.0,0.4,sym@spine+,True,True,3,0.06873165885917842,True,True,21,0.2771087628789246
109.0,0.5,sym@spine+,True,True,3,0.068966343998909,True,True,29,0.36117645679041743
109.0,0.6,sym@spine+,True,True,3,0.061265202006325126,True,True,33,0.4041129231918603
109.0,0.7,sym@spine+,True,True,3,0.06576372589915991,True,True,31,0.3823277149349451
109.0,0.8,sym@spine+,True,True,3,0.0816107951104641,False,False,5,0.14036131487227976
109.0,0.9,sym@spine+,True,True,4,0.08364372095093131,False,False,5,0.1395154711790383
109.0,1.0,sym@spine+,True,True,4,0.08347547799348831,False,False,4,0.12983386986888945
108.0,0.1,sym@amp+0.10,True,True,2,0.06262922589667141,True,True,6,0.12515104888007045
107.0,0.1,sym@amp+0.10,True,True,2,0.059202313888818026,True,True,6,0.12143242289312184
106.0,0.1,sym@amp+0.10,True,True,2,0.05902723898179829,True,True,6,0.1247040240559727
105.0,0.1,sym@amp+0.10,True,True,2,0.060872948030009866,True,True,6,0.1213034288957715
104.0,0.1,sym@amp+0.10,True,True,2,0.060310533037409186,True,True,6,0.12617891700938344
103.0,0.1,sym@amp+0.10,True,True,2,0.07002128195017576,True,True,6,0.12139564496465027
102.0,0.1,sym@amp+0.10,True,True,2,0.06591992708854377,True,True,5,0.11066042305901647
101.0,0.1,sym@amp+0.10,True,True,2,0.06643916107714176,True,True,6,0.12130266986787319
100.0,0.1,sym@amp+0.10,True,True,2,0.06721110106445849,True,True,6,0.12102109496481717
99.0,0.1,sym@amp+0.10,True,True,2,0.06533353100530803,True,True,6,0.5000252400059253
98.0,0.1,sym@amp+0.10,True,True,2,0.06222566100768745,True,True,7,0.13196966494433582
97.0,0.1,sym@amp+0.10,True,True,2,0.06214814190752804,True,True,7,0.1323182329069823
96.0,0.1,sym@amp+0.10,True,True,2,0.07956466008909047,True,True,8,0.17711702291853726
95.0,0.1,sym@amp+0.10,True,True,2,0.07700705085881054,True,True,9,0.19019972998648882
94.0,0.1,sym@amp+0.10,True,True,2,0.07714203814975917,True,True,10,0.20307168806903064
93.0,0.1,sym@amp+0.10,True,True,3,0.08660200098529458,True,True,11,0.21774319396354258
92.0,0.1,sym@amp+0.10,True,True,3,0.09019531193189323,True,True,12,0.22720470000058413
91.0,0.1,sym@amp+0.10,True,True,3,0.08976702904328704,True,True,13,0.24125018389895558
90.0,0.1,sym@amp+0.10,True,True,3,0.08701872802339494,True,True,13,0.24193297908641398
89.0,0.1,sym@amp+0.10,True,True,3,0.07749216305091977,True,True,21,0.3442098528612405
88.0,0.1,sym@amp+0.10,True,True,3,0.07943530706688762,True,True,32,0.5756844989955425
87.0,0.1,sym@amp+0.10,True,True,3,0.07815691805444658,True,True,65,1.076662944862619
86.0,0.1,sym@amp+0.10,True,True,4,0.0916919750161469,False,False,350,4.493601677007973
85.0,0.1,sym@amp+0.10,True,True,4,0.08642566995695233,False,False,350,4.818604182917625
84.0,0.1,sym@amp+0.10,True,True,5,0.079441576031968,False,False,6,0.15473889489658177
83.0,0.1,sym@amp+0.10,False,False,350,0.6902150120586157,True,True,20,0.33109585591591895
82.0,0.1,sym@amp+0.10,False,False,24,0.12028229678981006,True,True,18,0.3033637749031186
81.0,0.1,sym@amp+0.10,False,False,260,0.5979392440058291,False,False,5,0.1406638310290873
80.0,0.1,sym@amp+0.10,True,True,1,0.15735045401379466,True,True,49,0.9718976481817663
79.0,0.1,sym@amp+0.10,True,True,1,0.13487120787613094,True,True,58,1.0492363008670509
78.0,0.1,sym@amp+0.10,True,True,1,0.11442119907587767,True,True,70,1.3386849670205265
77.0,0.1,sym@amp+0.10,True,True,1,0.11149363103322685,True,True,82,1.487771077081561
76.0,0.1,sym@amp+0.10,True,True,1,0.13595833186991513,True,True,95,1.6077658589929342
75.0,0.1,sym@amp+0.10,True,True,1,0.1085666969884187,True,True,101,1.754874604055658
74.0,0.1,sym@amp+0.10,True,True,1,0.1072596488520503,True,True,86,1.4601885499432683
73.0,0.1,sym@amp+0.10,True,True,2,0.12176221003755927,False,False,10,0.26583920302800834
72.0,0.1,sym@amp+0.10,True,True,1,0.1347453980706632,False,False,56,0.9952456660103053
71.0,0.1,sym@amp+0.10,True,True,1,0.14483104110695422,False,False,80,1.3716330421157181
70.0,0.1,sym@amp+0.10,True,True,1,0.11929302709177136,False,False,350,6.304077430861071
69.0,0.1,sym@amp+0.10,True,True,1,0.11716796504333615,True,True,273,4.398759090108797
68.0,0.1,sym@amp+0.10,True,True,1,0.12277267593890429,True,True,250,4.031888365978375
67.0,0.1,sym@amp+0.10,True,True,1,0.1403258489444852,True,True,242,4.372757965931669
66.0,0.1,sym@amp+0.10,True,True,1,0.10891687404364347,True,True,243,4.2166960020549595
65.0,0.1,sym@amp+0.10,True,True,1,0.10958789195865393,True,True,252,4.080594367813319
64.0,0.1,sym@amp+0.10,True,True,1,0.1127584339119494,True,True,274,4.847375741926953
63.0,0.1,sym@amp+0.10,True,True,1,0.11593493213877082,True,True,341,5.761961505981162
62.0,0.1,sym@amp+0.10,True,True,1,0.11218882980756462,False,False,241,3.9050147039815784
61.0,0.1,sym@amp+0.10,True,True,1,0.11891406099312007,False,False,350,5.9775406760163605
60.0,0.1,sym@amp+0.10,True,True,1,0.12707225000485778,True,True,133,2.2850214508362114
59.0,0.1,sym@amp+0.10,True,True,1,0.1263288790360093,True,True,143,2.6143195040058345
58.0,0.1,sym@amp+0.10,True,True,1,0.12207304802723229,True,True,172,2.8149648788385093
57.0,0.1,sym@amp+0.10,True,True,1,0.13248789496719837,True,True,201,3.286033008946106
56.0,0.1,sym@amp+0.10,True,True,1,0.10986356087960303,True,True,230,4.079696176806465
55.0,0.1,sym@amp+0.10,True,True,1,0.10853136307559907,True,True,259,4.447202553972602
54.0,0.1,sym@amp+0.10,True,True,1,0.1741524999961257,True,True,291,4.714170301798731
53.0,0.1,sym@amp+0.10,True,True,1,0.11389576690271497,True,True,326,5.620354090118781
52.0,0.1,sym@amp+0.10,True,True,1,0.10820359294302762,False,False,350,5.870808298001066
51.0,0.1,sym@amp+0.10,True,True,1,0.11502966517582536,False,False,350,5.60997203993611
50.0,0.1,sym@amp+0.10,True,True,1,0.10856975591741502,False,False,350,5.97763725114055
49.0,0.1,sym@amp+0.10,True,True,1,0.10973570100031793,False,False,350,5.872583256103098
48.0,0.1,sym@amp+0.10,True,True,1,0.10880601406097412,True,True,323,5.177088405936956
47.0,0.1,sym@amp+0.10,True,True,1,0.10789275378920138,True,True,254,4.458711300976574
46.0,0.1,sym@amp+0.10,True,True,1,0.10805949801579118,True,True,203,3.6408760747872293
45.0,0.1,sym@amp+0.10,True,True,1,0.11383971711620688,True,True,166,2.725969119928777
44.0,0.1,sym@amp+0.10,True,True,1,0.5718148159794509,True,True,140,2.3326818861532956
43.0,0.1,sym@amp+0.10,True,True,1,0.12015103502199054,True,True,120,1.998503026086837
42.0,0.1,sym@amp+0.10,True,True,1,0.10933812893927097,True,True,105,1.7609405990224332
41.0,0.1,sym@amp+0.10,True,True,1,0.10825796402059495,True,True,92,1.9179123330395669
40.0,0.1,sym@amp+0.10,True,True,1,0.1080969509202987,True,True,82,1.396503193071112
39.0,0.1,sym@amp+0.10,True,True,1,0.11215545702725649,True,True,71,1.3406037399545312
38.0,0.1,sym@amp+0.10,True,True,1,0.11056610103696585,True,True,59,1.185873423004523
37.0,0.1,sym@amp+0.10,True,True,1,0.11127583496272564,True,True,47,0.8725275991018862
36.0,0.1,sym@amp+0.10,True,True,2,0.11162725719623268,True,True,57,1.0120436330325902
35.0,0.1,sym@amp+0.10,True,True,2,0.1113490469288081,True,True,58,1.025037453044206
34.0,0.1,sym@amp+0.10,True,True,2,0.1112088649533689,True,True,58,1.0207868400029838
33.0,0.1,sym@amp+0.10,True,True,2,0.11081730108708143,True,True,56,0.9887444020714611
32.0,0.1,sym@amp+0.10,True,True,2,0.11109580099582672,True,True,54,0.9724200351629406
31.0,0.1,sym@amp+0.10,True,True,2,0.11096015805378556,True,True,52,0.9258937248960137
30.0,0.1,sym@amp+0.10,True,True,2,0.11116656195372343,True,True,50,0.897749523865059
29.0,0.1,sym@amp+0.10,True,True,2,0.11082177795469761,True,True,47,0.8441316429525614
28.0,0.1,sym@amp+0.10,True,True,2,0.11135121691040695,True,True,45,0.8165463949553668
27.0,0.1,sym@amp+0.10,True,True,2,0.11192374886013567,True,True,43,1.1682208811398596
26.0,0.1,sym@amp+0.10,True,True,2,0.11133482400327921,True,True,40,0.7365463140886277
25.0,0.1,sym@amp+0.10,True,True,2,0.11090574995614588,True,True,38,0.705989396199584
24.0,0.1,sym@amp+0.10,True,True,2,0.1111909809987992,True,True,35,0.670830714982003
23.0,0.1,sym@amp+0.10,True,True,2,0.1119096779730171,True,True,33,0.7153606060892344
22.0,0.1,sym@amp+0.10,True,True,2,0.11078432807698846,True,True,31,0.6130139681044966
21.0,0.1,sym@amp+0.10,True,True,2,0.1119548010174185,True,True,29,0.5849804650060833
20.0,0.1,sym@amp+0.10,True,True,2,0.11073134909383953,True,True,27,0.6670768200419843
108.0,0.2,sym@amp+0.20,True,True,2,0.05866762390360236,True,True,10,0.16424055094830692
107.0,0.2,sym@amp+0.20,True,True,2,0.058781829895451665,True,True,10,0.16549960616976023
106.0,0.2,sym@amp+0.20,True,True,2,0.060251974035054445,True,True,9,0.15523060387931764
105.0,0.2,sym@amp+0.20,True,True,2,0.06078431289643049,True,True,8,0.14420596114359796
104.0,0.2,sym@amp+0.20,True,True,2,0.05932738585397601,True,True,9,0.15868946886621416
103.0,0.2,sym@amp+0.20,True,True,2,0.059135291958227754,True,True,9,0.15374320116825402
102.0,0.2,sym@amp+0.20,True,True,2,0.05963996914215386,True,True,10,0.16836640215478837
101.0,0.2,sym@amp+0.20,True,True,2,0.060184318106621504,True,True,10,0.16422374197281897
100.0,0.2,sym@amp+0.20,True,True,2,0.060412495862692595,True,True,10,0.16310061910189688
99.0,0.2,sym@amp+0.20,True,True,2,0.05961945606395602,True,True,10,0.16266280598938465
98.0,0.2,sym@amp+0.20,True,True,3,0.07832645298913121,True,True,16,0.27820454514585435
97.0,0.2,sym@amp+0.20,True,True,3,0.07751174597069621,True,True,19,0.3142600350547582
96.0,0.2,sym@amp+0.20,True,True,3,0.07787657086737454,True,True,31,0.4681099771987647
95.0,0.2,sym@amp+0.20,True,True,3,0.07756500993855298,True,True,74,1.0004361369647086
94.0,0.2,sym@amp+0.20,True,True,4,0.07926149293780327,False,False,350,4.828825925011188
93.0,0.2,sym@amp+0.20,True,True,4,0.07946332101710141,False,False,350,4.737410085974261
92.0,0.2,sym@amp+0.20,True,True,4,0.0796102830208838,False,False,7,0.1650807971600443
91.0,0.2,sym@amp+0.20,False,False,350,0.7120318890083581,False,False,5,0.14204503688961267
90.0,0.2,sym@amp+0.20,False,False,350,0.686724690021947,True,True,24,0.37891411408782005
89.0,0.2,sym@amp+0.20,False,False,93,0.24283460900187492,True,True,25,0.3927533458918333
88.0,0.2,sym@amp+0.20,False,False,180,0.3896781469229609,False,False,5,0.1397991799749434
87.0,0.2,sym@amp+0.20,True,True,8,0.09105077991262078,False,False,4,0.1276898270007223
86.0,0.2,sym@amp+0.20,True,True,5,0.0878772889263928,False,False,5,0.14193924609571695
85.0,0.2,sym@amp+0.20,True,True,5,0.08722794381901622,False,False,5,0.14232850400730968
84.0,0.2,sym@amp+0.20,True,True,4,0.19817573414184153,False,False,5,0.1404310509096831
83.0,0.2,sym@amp+0.20,True,True,4,0.08073676005005836,False,False,6,0.15225155698135495
82.0,0.2,sym@amp+0.20,True,True,1,0.11033001798205078,False,False,68,1.1712904011365026
81.0,0.2,sym@amp+0.20,True,True,1,0.10986240394413471,False,False,56,0.9893326370511204
80.0,0.2,sym@amp+0.20,True,True,1,0.11121472716331482,False,False,93,1.5578196309506893
79.0,0.2,sym@amp+0.20,True,True,1,0.11166830593720078,False,False,33,0.622814412927255
77.0,0.2,sym@amp+0.20,True,True,1,0.11278408486396074,False,False,34,0.6448565670289099
76.0,0.2,sym@amp+0.20,True,True,1,0.1112112810369581,False,False,38,0.6998204160481691
75.0,0.2,sym@amp+0.20,True,True,1,0.11423697508871555,False,False,47,1.214326887857169
74.0,0.2,sym@amp+0.20,True,True,1,0.11090169521048665,False,False,84,1.4271539358887821
73.0,0.2,sym@amp+0.20,True,True,1,0.10901905409991741,False,False,75,1.3614953130017966
72.0,0.2,sym@amp+0.20,True,True,1,0.11035548290237784,False,False,70,1.286007127026096
71.0,0.2,sym@amp+0.20,True,True,1,0.11727156303822994,False,False,68,1.349941133055836
70.0,0.2,sym@amp+0.20,True,True,1,0.11231395509094,False,False,69,1.188325195806101
69.0,0.2,sym@amp+0.20,True,True,1,0.11055194307118654,False,False,60,1.0473938849754632
68.0,0.2,sym@amp+0.20,True,True,1,0.1114296498708427,False,False,53,0.9707429169211537
67.0,0.2,sym@amp+0.20,True,True,1,0.12984426319599152,False,False,56,0.9862448968924582
66.0,0.2,sym@amp+0.20,True,True,1,0.11604306218214333,False,False,87,1.4696947371121496
65.0,0.2,sym@amp+0.20,True,True,1,0.11189999617636204,False,False,67,1.1580848468001932
64.0,0.2,sym@amp+0.20,True,True,1,0.11168714612722397,False,False,80,1.3583873459137976
63.0,0.2,sym@amp+0.20,True,True,1,0.12572896294295788,False,False,134,2.605996832018718
62.0,0.2,sym@amp+0.20,True,True,1,0.1097018220461905,False,False,350,5.85070705297403
61.0,0.2,sym@amp+0.20,True,True,1,0.10804698802530766,False,False,350,5.603032469982281
60.0,0.2,sym@amp+0.20,True,True,1,0.11698453198187053,True,True,87,1.4751514920499176
59.0,0.2,sym@amp+0.20,True,True,1,0.11206234409473836,True,True,86,1.4798154619056731
58.0,0.2,sym@amp+0.20,True,True,1,0.11045667110010982,True,True,106,2.1454069479368627
57.0,0.2,sym@amp+0.20,True,True,1,0.11634962586686015,True,True,121,2.1748293060809374
56.0,0.2,sym@amp+0.20,True,True,1,0.10911864298395813,True,True,136,2.4175715090241283
55.0,0.2,sym@amp+0.20,True,True,1,0.1087421930860728,True,True,152,2.5447989979293197
54.0,0.2,sym@amp+0.20,True,True,1,0.10879439115524292,True,True,172,2.8116026141215116
53.0,0.2,sym@amp+0.20,True,True,1,0.10858206497505307,True,True,197,3.1988624059595168
52.0,0.2,sym@amp+0.20,True,True,1,0.10861301701515913,True,True,233,4.2395396928768605
51.0,0.2,sym@amp+0.20,True,True,1,0.11156642995774746,True,True,289,4.872266247170046
50.0,0.2,sym@amp+0.20,True,True,1,0.12461609905585647,False,False,231,3.739582261070609
49.0,0.2,sym@amp+0.20,True,True,1,0.11759562813676894,False,False,149,2.44474047399126
48.0,0.2,sym@amp+0.20,True,True,1,0.10987074091099203,False,False,160,3.102620951831341
47.0,0.2,sym@amp+0.20,True,True,1,0.12020574091002345,False,False,195,3.322078712983057
46.0,0.2,sym@amp+0.20,True,True,1,0.1137392669916153,False,False,298,4.9105349481105804
45.0,0.2,sym@amp+0.20,True,True,1,0.11805712291970849,False,False,350,5.979459148133174
44.0,0.2,sym@amp+0.20,True,True,1,0.10723199904896319,True,True,284,4.727312101051211
43.0,0.2,sym@amp+0.20,True,True,1,0.10881515801884234,True,True,192,3.3204818808007985
42.0,0.2,sym@amp+0.20,True,True,1,0.1081570340320468,True,True,147,2.4264419821556658
41.0,0.2,sym@amp+0.20,True,True,1,0.10819781385362148,True,True,119,1.9712424997705966
40.0,0.2,sym@amp+0.20,True,True,1,0.10826485301367939,True,True,99,1.670808748807758
39.0,0.2,sym@amp+0.20,True,True,1,0.10803753696382046,True,True,84,1.8055317250546068
38.0,0.2,sym@amp+0.20,True,True,1,0.1113579859957099,True,True,71,1.2272070329636335
37.0,0.2,sym@amp+0.20,True,True,1,0.11469954694621265,True,True,59,1.0427538929507136
36.0,0.2,sym@amp+0.20,True,True,2,0.11738746101036668,True,True,42,0.8602730259299278
35.0,0.2,sym@amp+0.20,True,True,2,0.11203393619507551,True,True,42,0.7980158128775656
34.0,0.2,sym@amp+0.20,True,True,2,0.1131354181561619,True,True,43,0.9458628960419446
33.0,0.2,sym@amp+0.20,True,True,2,0.1405357860494405,True,True,40,0.7380793439224362
32.0,0.2,sym@amp+0.20,True,True,2,0.1110706920735538,True,True,26,0.5241091169882566
31.0,0.2,sym@amp+0.20,True,True,2,0.1151136381085962,True,True,38,0.7125277291052043
30.0,0.2,sym@amp+0.20,True,True,2,0.11282202112488449,True,True,40,0.7368130229879171
29.0,0.2,sym@amp+0.20,True,True,2,0.11388112814165652,True,True,41,0.7657405950594693
28.0,0.2,sym@amp+0.20,True,True,2,0.11199457803741097,True,True,40,0.7411781039554626
27.0,0.2,sym@amp+0.20,True,True,2,0.11192827415652573,True,True,39,0.7246119191404432
26.0,0.2,sym@amp+0.20,True,True,2,0.11470841686241329,True,True,37,0.6940393350087106
25.0,0.2,sym@amp+0.20,True,True,2,0.11536622210405767,True,True,36,0.6748009428847581
24.0,0.2,sym@amp+0.20,True,True,2,0.11784341209568083,True,True,34,0.6420194490347058
23.0,0.2,sym@amp+0.20,True,True,2,0.11377879581414163,True,True,32,0.6126095880754292
22.0,0.2,sym@amp+0.20,True,True,2,0.11182473204098642,True,True,30,0.5810967648867518
21.0,0.2,sym@amp+0.20,True,True,2,0.11160645494237542,True,True,29,0.5644848728552461
20.0,0.2,sym@amp+0.20,True,True,2,0.11202031187713146,True,True,27,0.5329147600568831
108.0,0.3,sym@amp+0.30,True,True,2,0.06032586516812444,True,True,11,0.1734018020797521
107.0,0.3,sym@amp+0.30,True,True,2,0.08420258108526468,True,True,14,0.6159566370770335
106.0,0.3,sym@amp+0.30,True,True,2,0.05890448088757694,True,True,14,0.2058298490010202
105.0,0.3,sym@amp+0.30,True,True,2,0.05856210715137422,True,True,15,0.21600444591604173
104.0,0.3,sym@amp+0.30,True,True,3,0.06012687203474343,True,True,15,0.22108893701806664
103.0,0.3,sym@amp+0.30,True,True,3,0.05997934495098889,True,True,15,0.23053952609188855
102.0,0.3,sym@amp+0.30,True,True,3,0.06493239081464708,True,True,15,0.21597382007166743
101.0,0.3,sym@amp+0.30,True,True,3,0.06197091401554644,True,True,15,0.21682511898688972
100.0,0.3,sym@amp+0.30,True,True,4,0.07839503884315491,False,False,6,0.15938134980387986
99.0,0.3,sym@amp+0.30,False,False,350,0.644771863007918,False,False,4,0.130426952149719
98.0,0.3,sym@amp+0.30,False,False,350,0.6366826388984919,True,True,45,0.7350543909706175
97.0,0.3,sym@amp+0.30,False,False,350,0.6415188531391323,True,True,43,0.6388034929987043
96.0,0.3,sym@amp+0.30,False,False,350,0.6385614150203764,False,False,5,0.1497683529742062
95.0,0.3,sym@amp+0.30,False,False,350,0.6428630780428648,False,False,3,0.12281195190735161
94.0,0.3,sym@amp+0.30,True,True,6,0.08126518619246781,False,False,5,0.1501815291121602
93.0,0.3,sym@amp+0.30,True,True,5,0.07933085807599127,False,False,6,0.27604024298489094
92.0,0.3,sym@amp+0.30,True,True,4,0.07780266390182078,False,False,5,0.1415058330167085
91.0,0.3,sym@amp+0.30,True,True,4,0.07790239504538476,False,False,5,0.14423563098534942
90.0,0.3,sym@amp+0.30,True,True,4,0.08023925800807774,False,False,5,0.1421385840512812
89.0,0.3,sym@amp+0.30,True,True,4,0.0783109909389168,False,False,5,0.14041707501746714
88.0,0.3,sym@amp+0.30,True,True,4,0.07814727886579931,False,False,5,0.14059245097450912
87.0,0.3,sym@amp+0.30,True,True,4,0.07805100711993873,False,False,6,0.15291542396880686
86.0,0.3,sym@amp+0.30,True,True,4,0.07830801396630704,False,False,6,0.15292312414385378
85.0,0.3,sym@amp+0.30,True,True,4,0.07854177500121295,False,False,6,0.15276265586726367
84.0,0.3,sym@amp+0.30,True,True,2,0.11004582606256008,False,False,21,0.4410113701596856
83.0,0.3,sym@amp+0.30,True,True,1,0.10700999712571502,False,False,35,0.6575247279834002
82.0,0.3,sym@amp+0.30,True,True,1,0.10753056406974792,False,False,34,0.6502244640141726
81.0,0.3,sym@amp+0.30,True,True,1,0.10718477913178504,False,False,33,0.626780753955245
80.0,0.3,sym@amp+0.30,True,True,1,0.1090993529651314,False,False,33,0.6346776429563761
79.0,0.3,sym@amp+0.30,True,True,1,0.1070307670161128,False,False,32,0.6147224789019674
78.0,0.3,sym@amp+0.30,True,True,1,0.10723314108327031,False,False,32,0.6189738721586764
77.0,0.3,sym@amp+0.30,True,True,1,0.11045320588164032,False,False,32,0.6502909120172262
76.0,0.3,sym@amp+0.30,True,True,1,0.10824065003544092,False,False,33,0.6815146789886057
75.0,0.3,sym@amp+0.30,True,True,1,0.10856421384960413,False,False,34,0.6633901528548449
74.0,0.3,sym@amp+0.30,True,True,1,0.11698549403809011,False,False,37,0.6940263949800283
73.0,0.3,sym@amp+0.30,True,True,1,0.13043098198249936,False,False,34,0.6449325799476355
72.0,0.3,sym@amp+0.30,True,True,1,0.10775316203944385,False,False,32,0.610757625894621
71.0,0.3,sym@amp+0.30,True,True,1,0.11764934193342924,False,False,32,0.6149250927846879
70.0,0.3,sym@amp+0.30,True,True,1,0.11400769604369998,False,False,33,0.6277826949954033
69.0,0.3,sym@amp+0.30,True,True,1,0.10811449284665287,False,False,34,1.0291596420574933
68.0,0.3,sym@amp+0.30,True,True,1,0.10801037098281085,False,False,36,0.6766007479745895
67.0,0.3,sym@amp+0.30,True,True,1,0.1120246381033212,False,False,38,0.7120237818453461
66.0,0.3,sym@amp+0.30,True,True,1,0.12240803404711187,False,False,43,0.7868914108257741
65.0,0.3,sym@amp+0.30,True,True,1,0.1092714190017432,False,False,52,1.011602752842009
64.0,0.3,sym@amp+0.30,True,True,1,0.11126617901027203,False,False,61,1.090884461067617
63.0,0.3,sym@amp+0.30,True,True,1,0.1103436448611319,False,False,73,1.4525255758780986
62.0,0.3,sym@amp+0.30,True,True,1,0.10809866199269891,False,False,94,1.6063706269487739
61.0,0.3,sym@amp+0.30,True,True,1,0.11175014008767903,False,False,229,3.757134156068787
60.0,0.3,sym@amp+0.30,True,True,1,0.11644327687099576,False,False,350,6.083368489984423
59.0,0.3,sym@amp+0.30,True,True,1,0.10955473501235247,True,True,80,1.3749563309829682
58.0,0.3,sym@amp+0.30,True,True,1,0.10990184405818582,True,True,83,1.5029208371415734
57.0,0.3,sym@amp+0.30,True,True,1,0.10844476497732103,False,False,50,0.9500157269649208
56.0,0.3,sym@amp+0.30,True,True,1,0.10880841291509569,False,False,45,0.9553084860090166
55.0,0.3,sym@amp+0.30,True,True,1,0.10940869292244315,False,False,44,0.8023199511226267
54.0,0.3,sym@amp+0.30,True,True,1,0.12840783479623497,False,False,44,0.809634666191414
53.0,0.3,sym@amp+0.30,True,True,1,0.11243346217088401,False,False,44,0.8014597760047764
52.0,0.3,sym@amp+0.30,True,True,1,0.11230265093035996,False,False,45,0.8199002179317176
51.0,0.3,sym@amp+0.30,True,True,1,0.11272317683324218,False,False,47,0.8599132548552006
50.0,0.3,sym@amp+0.30,True,True,1,0.11416181991808116,False,False,49,0.895831803092733
49.0,0.3,sym@amp+0.30,True,True,1,0.11373229208402336,False,False,52,0.9399427000898868
48.0,0.3,sym@amp+0.30,True,True,1,0.11212567100301385,False,False,56,1.0115868041757494
47.0,0.3,sym@amp+0.30,True,True,1,0.11249133106321096,False,False,61,1.0664655740838498
46.0,0.3,sym@amp+0.30,True,True,1,0.11215323186479509,False,False,68,1.178692420013249
45.0,0.3,sym@amp+0.30,True,True,1,0.11187233100645244,False,False,78,1.7243660520762205
44.0,0.3,sym@amp+0.30,True,True,1,0.11095332191325724,False,False,94,1.670111397979781
43.0,0.3,sym@amp+0.30,True,True,1,0.11027788696810603,False,False,125,2.212897705845535
42.0,0.3,sym@amp+0.30,True,True,1,0.11323042586445808,False,False,219,3.7398233939893544
41.0,0.3,sym@amp+0.30,True,True,1,0.1115572799462825,False,False,350,5.596758289029822
40.0,0.3,sym@amp+0.30,True,True,1,0.11171622411347926,True,True,201,3.6101898420602083
39.0,0.3,sym@amp+0.30,True,True,1,0.11089148907922208,True,True,141,2.394372294191271
38.0,0.3,sym@amp+0.30,True,True,1,0.11030070506967604,True,True,107,1.9580189532134682
37.0,0.3,sym@amp+0.30,True,True,1,0.1361439588945359,True,True,76,1.3929192121140659
36.0,0.3,sym@amp+0.30,True,True,2,0.11840650392696261,True,True,69,1.1856072479858994
35.0,0.3,sym@amp+0.30,True,True,2,0.11503631994128227,True,True,70,1.2055772950407118
34.0,0.3,sym@amp+0.30,True,True,2,0.11427971790544689,True,True,67,1.155135225970298
33.0,0.3,sym@amp+0.30,True,True,2,0.11374985985457897,True,True,62,1.079585456987843
32.0,0.3,sym@amp+0.30,True,True,2,0.11430062912404537,True,True,58,1.0156834730878472
31.0,0.3,sym@amp+0.30,True,True,2,0.1128756869584322,True,True,54,0.9545014870818704
30.0,0.3,sym@amp+0.30,True,True,2,0.28134795906953514,True,True,49,0.8769376229029149
29.0,0.3,sym@amp+0.30,True,True,2,0.13711578701622784,True,True,45,0.8224120868835598
28.0,0.3,sym@amp+0.30,True,True,2,0.11198546085506678,True,True,39,0.7344532872084528
27.0,0.3,sym@amp+0.30,True,True,2,0.11107849609106779,True,True,29,0.5670657700393349
26.0,0.3,sym@amp+0.30,True,True,2,0.1114278759341687,True,True,34,0.6461762099061161
25.0,0.3,sym@amp+0.30,True,True,2,0.11100847693160176,True,True,34,0.6527523100376129
24.0,0.3,sym@amp+0.30,True,True,2,0.11830848199315369,True,True,33,0.7194043600466102
23.0,0.3,sym@amp+0.30,True,True,2,0.12747679208405316,True,True,32,0.6194329161662608
22.0,0.3,sym@amp+0.30,True,True,2,0.12082152091898024,True,True,30,0.6166060830000788
21.0,0.3,sym@amp+0.30,True,True,2,0.13120016199536622,True,True,28,0.6977523940149695
20.0,0.3,sym@amp+0.30,True,True,2,0.11599918291904032,True,True,27,0.5466734340880066
108.0,0.4,sym@amp+0.40,True,True,3,0.0699982198420912,True,True,21,0.27997304406017065
107.0,0.4,sym@amp+0.40,True,True,3,0.07090620184317231,True,True,21,0.2796086319722235
106.0,0.4,sym@amp+0.40,True,True,3,0.0677314039785415,True,True,21,0.28636283800005913
105.0,0.4,sym@amp+0.40,True,True,3,0.06729989708401263,True,True,21,0.28086367389187217
104.0,0.4,sym@amp+0.40,True,True,3,0.0650028979871422,True,True,21,0.27786225522868335
103.0,0.4,sym@amp+0.40,True,True,3,0.0657713869586587,True,True,21,0.2792348621878773
102.0,0.4,sym@amp+0.40,True,True,5,0.08585313404910266,False,False,4,0.1276982941199094
101.0,0.4,sym@amp+0.40,True,True,5,0.202336513902992,False,False,5,0.13933884003199637
100.0,0.4,sym@amp+0.40,True,True,4,0.08025384414941072,False,False,5,0.14048660802654922
99.0,0.4,sym@amp+0.40,True,True,4,0.08088561287149787,False,False,5,0.14077940792776644
98.0,0.4,sym@amp+0.40,True,True,4,0.07938166009262204,False,False,5,0.14023941615596414
97.0,0.4,sym@amp+0.40,True,True,4,0.0791077078320086,False,False,5,0.13967554387636483
96.0,0.4,sym@amp+0.40,True,True,4,0.09386810194700956,False,False,5,0.1510074189864099
95.0,0.4,sym@amp+0.40,True,True,4,0.08637226698920131,False,False,5,0.14430549298413098
94.0,0.4,sym@amp+0.40,True,True,4,0.0795316300354898,False,False,5,0.14344280888326466
93.0,0.4,sym@amp+0.40,True,True,4,0.08173781703226268,False,False,5,0.14012442994862795
92.0,0.4,sym@amp+0.40,True,True,4,0.0806784809101373,False,False,5,0.13961371406912804
91.0,0.4,sym@amp+0.40,True,True,4,0.07984643615782261,False,False,5,0.1399475948419422
89.0,0.4,sym@amp+0.40,True,True,3,0.07831433904357255,False,False,5,0.14066832000389695
88.0,0.4,sym@amp+0.40,True,True,3,0.07817279198206961,False,False,6,0.15205109701491892
87.0,0.4,sym@amp+0.40,True,True,3,0.07806960609741509,False,False,6,0.1518239991273731
86.0,0.4,sym@amp+0.40,True,True,1,0.10861421399749815,False,False,22,0.45495645701885223
85.0,0.4,sym@amp+0.40,True,True,1,0.10848006000742316,False,False,22,0.4547174880281091
84.0,0.4,sym@amp+0.40,True,True,1,0.10820126091130078,False,False,22,0.45710169803351164
83.0,0.4,sym@amp+0.40,True,True,1,0.1081804009154439,False,False,23,0.47195345908403397
82.0,0.4,sym@amp+0.40,True,True,1,0.11905464786104858,False,False,23,0.4861918301321566
81.0,0.4,sym@amp+0.40,True,True,1,0.13083908497355878,False,False,24,0.4866607137955725
80.0,0.4,sym@amp+0.40,True,True,1,0.11173677397891879,False,False,29,0.5630298741161823
79.0,0.4,sym@amp+0.40,True,True,1,0.11428064480423927,False,False,25,0.5025629268493503
78.0,0.4,sym@amp+0.40,True,True,1,0.12716840510256588,False,False,23,0.472720640944317
77.0,0.4,sym@amp+0.40,True,True,1,0.11371480184607208,False,False,23,0.47136721410788596
76.0,0.4,sym@amp+0.40,True,True,1,0.10884820995852351,False,False,23,0.4718739469535649
75.0,0.4,sym@amp+0.40,True,True,1,0.10855494206771255,False,False,23,0.8680500101763755
74.0,0.4,sym@amp+0.40,True,True,1,0.11009508999995887,False,False,24,0.4929514362011105
73.0,0.4,sym@amp+0.40,True,True,1,0.1160625140182674,False,False,24,0.4876703009940684
72.0,0.4,sym@amp+0.40,True,True,1,0.11210859520360827,False,False,25,0.5038008980918676
71.0,0.4,sym@amp+0.40,True,True,1,0.10827668407000601,False,False,27,0.5366586321033537
70.0,0.4,sym@amp+0.40,True,True,1,0.10842300998046994,False,False,27,0.5444393421057612
69.0,0.4,sym@amp+0.40,True,True,1,0.11160836997441947,False,False,29,0.650367439026013
68.0,0.4,sym@amp+0.40,True,True,1,0.1284703779965639,False,False,31,0.6000182288698852
67.0,0.4,sym@amp+0.40,True,True,1,0.10902265598997474,False,False,33,0.6584449920337647
66.0,0.4,sym@amp+0.40,True,True,1,0.11079646903090179,False,False,36,0.8348155929706991
65.0,0.4,sym@amp+0.40,True,True,1,0.1385986008681357,False,False,39,0.7298621721565723
64.0,0.4,sym@amp+0.40,True,True,1,0.1176041211001575,False,False,45,0.816283259075135
63.0,0.4,sym@amp+0.40,True,True,1,0.10815562610514462,False,False,45,0.8212844040244818
62.0,0.4,sym@amp+0.40,True,True,1,0.10804890003055334,False,False,30,0.582781027071178
61.0,0.4,sym@amp+0.40,True,True,1,0.1098051629960537,False,False,29,0.5651903909165412
60.0,0.4,sym@amp+0.40,True,True,1,0.1090093138627708,False,False,28,0.5512582950759679
59.0,0.4,sym@amp+0.40,True,True,1,0.12753137294203043,False,False,28,0.560395946027711
58.0,0.4,sym@amp+0.40,True,True,1,0.11453748005442321,False,False,28,0.5621083860751241
57.0,0.4,sym@amp+0.40,True,True,1,0.10903172986581922,False,False,29,0.5662293639034033
56.0,0.4,sym@amp+0.40,True,True,1,0.1088464017957449,False,False,29,0.5656491378322244
55.0,0.4,sym@amp+0.40,True,True,1,0.11058188509196043,False,False,30,0.5895783759187907
54.0,0.4,sym@amp+0.40,True,True,1,0.12211432098411024,False,False,31,0.6052999999374151
53.0,0.4,sym@amp+0.40,True,True,1,0.12164740404114127,False,False,32,0.6113388231024146
52.0,0.4,sym@amp+0.40,True,True,1,0.10919828992336988,False,False,33,0.6336452229879797
51.0,0.4,sym@amp+0.40,True,True,1,0.10954803391359746,False,False,34,0.6459219160024077
50.0,0.4,sym@amp+0.40,True,True,1,0.12048267503269017,False,False,36,0.6771174690220505
49.0,0.4,sym@amp+0.40,True,True,1,0.1168945909012109,False,False,38,0.7061061768326908
48.0,0.4,sym@amp+0.40,True,True,1,0.10892612603493035,False,False,40,1.1195105949882418
47.0,0.4,sym@amp+0.40,True,True,1,0.10909801395609975,False,False,43,0.789912877837196
46.0,0.4,sym@amp+0.40,True,True,1,0.11048192204907537,False,False,46,0.8346513940487057
45.0,0.4,sym@amp+0.40,True,True,1,0.11053772107698023,False,False,51,0.9168401800561696
44.0,0.4,sym@amp+0.40,True,True,1,0.11099351407028735,False,False,57,1.0991052011959255
43.0,0.4,sym@amp+0.40,True,True,1,0.1105774010065943,False,False,65,1.3099899389781058
42.0,0.4,sym@amp+0.40,True,True,1,0.1101931578014046,False,False,79,1.366556093096733
41.0,0.4,sym@amp+0.40,True,True,1,0.10837510298006237,False,False,106,1.7788786389864981
40.0,0.4,sym@amp+0.40,True,True,1,0.10919753299094737,False,False,180,2.937648318009451
39.0,0.4,sym@amp+0.40,True,True,1,0.10945661808364093,False,False,350,6.044798165094107
38.0,0.4,sym@amp+0.40,True,True,1,0.11062048911117017,True,True,177,3.0117630648892373
37.0,0.4,sym@amp+0.40,True,True,1,0.1109286299906671,True,True,106,1.9376080490183085
36.0,0.4,sym@amp+0.40,True,True,2,0.11270737601444125,True,True,106,1.7830111598595977
35.0,0.4,sym@amp+0.40,True,True,2,0.11683797906152904,True,True,94,1.5902072959579527
34.0,0.4,sym@amp+0.40,True,True,2,0.1134584799874574,True,True,84,1.4335491110105067
33.0,0.4,sym@amp+0.40,True,True,2,0.11278879293240607,True,True,75,1.288050482980907
32.0,0.4,sym@amp+0.40,True,True,2,0.11180554796010256,True,True,68,1.1750512169674039
31.0,0.4,sym@amp+0.40,True,True,2,0.11137616191990674,True,True,61,1.071120748994872
30.0,0.4,sym@amp+0.40,True,True,2,0.11223530909046531,True,True,55,1.3586292108520865
29.0,0.4,sym@amp+0.40,True,True,2,0.11240927199833095,True,True,49,0.8834364730864763
28.0,0.4,sym@amp+0.40,True,True,2,0.11342871212400496,True,True,44,0.8185298938769847
27.0,0.4,sym@amp+0.40,True,True,2,0.11174572701565921,True,True,36,0.6926600548904389
26.0,0.4,sym@amp+0.40,True,True,2,0.1125358531717211,True,True,34,0.7365570068359375
25.0,0.4,sym@amp+0.40,True,True,2,0.11208652285858989,True,True,35,0.6625728490762413
24.0,0.4,sym@amp+0.40,True,True,2,0.11215459695085883,True,True,34,0.678179397014901
23.0,0.4,sym@amp+0.40,True,True,2,0.11297643999569118,True,True,32,0.7655791870784014
22.0,0.4,sym@amp+0.40,True,True,2,0.11254032095894217,True,True,30,0.5841208258643746
21.0,0.4,sym@amp+0.40,True,True,2,0.1122160719241947,True,True,28,0.5502623580396175
20.0,0.4,sym@amp+0.40,True,True,2,0.11339369905181229,True,True,26,0.5225812729913741
108.0,0.5,sym@amp+0.50,True,True,3,0.06261782394722104,True,True,28,0.35208097100257874
107.0,0.5,sym@amp+0.50,True,True,3,0.06336002796888351,True,True,28,0.35127036715857685
106.0,0.5,sym@amp+0.50,True,True,3,0.062494026962667704,True,True,28,0.34955035895109177
105.0,0.5,sym@amp+0.50,True,True,3,0.06302477116696537,True,True,28,0.35387929202988744
104.0,0.5,sym@amp+0.50,True,True,4,0.08070528204552829,False,False,5,0.1392278028652072
103.0,0.5,sym@amp+0.50,True,True,4,0.0800504069775343,False,False,5,0.14062583888880908
102.0,0.5,sym@amp+0.50,True,True,4,0.08013200084678829,False,False,5,0.13994548982009292
101.0,0.5,sym@amp+0.50,True,True,4,0.07946110400371253,False,False,5,0.14195702294819057
100.0,0.5,sym@amp+0.50,True,True,4,0.07878372678533196,False,False,5,0.13973643397912383
99.0,0.5,sym@amp+0.50,True,True,4,0.07870214199647307,False,False,5,0.14104558411054313
98.0,0.5,sym@amp+0.50,True,True,4,0.07862309087067842,False,False,5,0.14036348997615278
96.0,0.5,sym@amp+0.50,True,True,3,0.0837458441965282,False,False,5,0.1398599660024047
95.0,0.5,sym@amp+0.50,True,True,3,0.08099412708543241,False,False,5,0.1398008030373603
94.0,0.5,sym@amp+0.50,True,True,3,0.07816071389243007,False,False,5,0.13948462810367346
93.0,0.5,sym@amp+0.50,True,True,3,0.0772620178759098,False,False,5,0.13967691082507372
92.0,0.5,sym@amp+0.50,True,True,3,0.07735509308986366,False,False,5,0.1418759839143604
91.0,0.5,sym@amp+0.50,True,True,3,0.07794563402421772,False,False,5,0.1398615159559995
90.0,0.5,sym@amp+0.50,True,True,3,0.07856436586007476,False,False,5,0.13998116296716034
89.0,0.5,sym@amp+0.50,True,True,3,0.07826729817315936,False,False,5,0.14107120293192565
88.0,0.5,sym@amp+0.50,True,True,1,0.10941098281182349,False,False,19,0.40956552885472775
87.0,0.5,sym@amp+0.50,True,True,1,0.10936112306080759,False,False,17,0.3824738101102412
86.0,0.5,sym@amp+0.50,True,True,1,0.11017727805301547,False,False,17,0.37640867196023464
85.0,0.5,sym@amp+0.50,True,True,1,0.11069898307323456,False,False,17,0.37841534498147666
84.0,0.5,sym@amp+0.50,True,True,1,0.10969250299967825,False,False,17,0.3774325931444764
83.0,0.5,sym@amp+0.50,True,True,1,0.11044430895708501,False,False,17,0.3773034659679979
82.0,0.5,sym@amp+0.50,True,True,1,0.11102697998285294,False,False,17,0.3794238311238587
81.0,0.5,sym@amp+0.50,True,True,1,0.11158196604810655,False,False,18,0.39512037788517773
80.0,0.5,sym@amp+0.50,True,True,1,0.111276944167912,False,False,18,0.39424966904334724
79.0,0.5,sym@amp+0.50,True,True,1,0.10954410303384066,False,False,19,0.407399641815573
78.0,0.5,sym@amp+0.50,True,True,1,0.12657542200759053,False,False,20,0.4239847280550748
77.0,0.5,sym@amp+0.50,True,True,1,0.6080372580327094,False,False,20,0.42311425786465406
76.0,0.5,sym@amp+0.50,True,True,1,0.10974508500657976,False,False,20,0.8176467891316861
75.0,0.5,sym@amp+0.50,True,True,1,0.10925672808662057,False,False,21,0.4408106708433479
74.0,0.5,sym@amp+0.50,True,True,1,0.10911062895320356,False,False,22,0.45630653016269207
73.0,0.5,sym@amp+0.50,True,True,1,0.10919900913722813,False,False,23,0.4724020517896861
72.0,0.5,sym@amp+0.50,True,True,1,0.10886180493980646,False,False,25,0.5107544218190014
71.0,0.5,sym@amp+0.50,True,True,1,0.10899262689054012,False,False,26,0.522451960016042
70.0,0.5,sym@amp+0.50,True,True,1,0.10913920705206692,False,False,28,0.550370167940855
69.0,0.5,sym@amp+0.50,True,True,1,0.1133042590226978,False,False,32,0.7015042880084366
68.0,0.5,sym@amp+0.50,True,True,1,0.11695550684817135,False,False,24,0.4890711607877165
67.0,0.5,sym@amp+0.50,True,True,1,0.11116277799010277,False,False,23,0.5057908489834517
66.0,0.5,sym@amp+0.50,True,True,1,0.11051598098129034,False,False,22,0.49661669484339654
65.0,0.5,sym@amp+0.50,True,True,1,0.11023777397349477,False,False,22,0.5838082290720195
64.0,0.5,sym@amp+0.50,True,True,1,0.11001363093964756,False,False,22,0.45750925899483263
63.0,0.5,sym@amp+0.50,True,True,1,0.12790020112879574,False,False,23,0.5200282910373062
62.0,0.5,sym@amp+0.50,True,True,1,0.11272062291391194,False,False,23,0.48782726586796343
61.0,0.5,sym@amp+0.50,True,True,1,0.1090035499073565,False,False,24,0.4950262459460646
60.0,0.5,sym@amp+0.50,True,True,1,0.10989797790534794,False,False,24,0.4864489999599755
59.0,0.5,sym@amp+0.50,True,True,1,0.13242059806361794,False,False,25,0.5025512231513858
58.0,0.5,sym@amp+0.50,True,True,1,0.11630928190425038,False,False,26,0.5183287661056966
57.0,0.5,sym@amp+0.50,True,True,1,0.10894360905513167,False,False,27,0.5398300439119339
56.0,0.5,sym@amp+0.50,True,True,1,0.10868595913052559,False,False,28,0.5500717111863196
55.0,0.5,sym@amp+0.50,True,True,1,0.11014964897185564,False,False,30,0.5894667480606586
54.0,0.5,sym@amp+0.50,True,True,1,0.10966692515648901,False,False,31,0.5985306170769036
53.0,0.5,sym@amp+0.50,True,True,1,0.10966295702382922,False,False,32,0.6156748489011079
52.0,0.5,sym@amp+0.50,True,True,1,0.1242078400682658,False,False,34,0.6457593631930649
51.0,0.5,sym@amp+0.50,True,True,1,0.1083443621173501,False,False,35,0.6703485439065844
50.0,0.5,sym@amp+0.50,True,True,1,0.10858811694197357,False,False,36,0.6730111190117896
49.0,0.5,sym@amp+0.50,True,True,1,0.1084748120047152,False,False,37,0.6975444839335978
48.0,0.5,sym@amp+0.50,True,True,1,0.10887329699471593,False,False,39,0.727943351957947
47.0,0.5,sym@amp+0.50,True,True,1,0.10824713413603604,False,False,40,0.7448230860754848
46.0,0.5,sym@amp+0.50,True,True,1,0.10814976203255355,False,False,42,1.1770938518457115
45.0,0.5,sym@amp+0.50,True,True,1,0.12276043114252388,False,False,45,0.8325365679338574
44.0,0.5,sym@amp+0.50,True,True,1,0.11212790897116065,False,False,48,0.8667102118488401
43.0,0.5,sym@amp+0.50,True,True,1,0.11221035709604621,False,False,53,0.9553544570226222
42.0,0.5,sym@amp+0.50,True,True,1,0.11069733393378556,False,False,61,1.159764023963362
41.0,0.5,sym@amp+0.50,True,True,1,0.11800405220128596,False,False,74,1.4636621868703514
40.0,0.5,sym@amp+0.50,True,True,1,0.10984472394920886,False,False,101,1.6996213248930871
39.0,0.5,sym@amp+0.50,True,True,1,0.10892659402452409,False,False,201,3.3827279550023377
38.0,0.5,sym@amp+0.50,True,True,1,0.11100027710199356,False,False,350,5.964700179873034
37.0,0.5,sym@amp+0.50,True,True,1,0.10977830202318728,True,True,262,4.350123415933922
36.0,0.5,sym@amp+0.50,True,True,2,0.1118984220083803,True,True,182,3.203346583992243
35.0,0.5,sym@amp+0.50,True,True,2,0.11179158510640264,True,True,140,2.3111777210142463
34.0,0.5,sym@amp+0.50,True,True,2,0.12611713190563023,True,True,114,1.9497971688397229
33.0,0.5,sym@amp+0.50,True,True,2,0.12095105112530291,True,True,96,1.6180037839803845
32.0,0.5,sym@amp+0.50,True,True,2,0.11340115405619144,True,True,82,1.3942421551328152
31.0,0.5,sym@amp+0.50,True,True,2,0.11393852299079299,True,True,71,1.645356565946713
30.0,0.5,sym@amp+0.50,True,True,2,0.11873172805644572,True,True,62,1.1019067319575697
29.0,0.5,sym@amp+0.50,True,True,2,0.13170910882763565,True,True,53,0.9560678689740598
28.0,0.5,sym@amp+0.50,True,True,2,0.13125063898041844,True,True,44,0.9080505969468504
27.0,0.5,sym@amp+0.50,True,True,2,0.1178671601228416,True,True,38,0.7240444829221815
26.0,0.5,sym@amp+0.50,True,True,2,0.1237912371288985,True,True,40,0.7700365351047367
25.0,0.5,sym@amp+0.50,True,True,2,0.11633589793927968,True,True,38,0.8277168818749487
24.0,0.5,sym@amp+0.50,True,True,2,0.11577452206984162,True,True,35,0.6691838228143752
23.0,0.5,sym@amp+0.50,True,True,2,0.12131469394080341,True,True,32,0.6217662508133799
22.0,0.5,sym@amp+0.50,True,True,2,0.12786117219366133,True,True,29,0.5676367818377912
21.0,0.5,sym@amp+0.50,True,True,2,0.11926085804589093,True,True,26,0.5234422418288887
20.0,0.5,sym@amp+0.50,True,True,2,0.12324691191315651,True,True,23,0.47123311599716544
108.0,0.6,sym@amp+0.60,True,True,3,0.062126982025802135,True,True,33,0.419130050111562
107.0,0.6,sym@amp+0.60,True,True,3,0.061823450960218906,True,True,32,0.3968464189674705
106.0,0.6,sym@amp+0.60,True,True,4,0.09617694187909365,False,False,5,0.1408533751964569
105.0,0.6,sym@amp+0.60,True,True,3,0.0846783749293536,False,False,5,0.14370865491218865
104.0,0.6,sym@amp+0.60,True,True,3,0.0839126599021256,False,False,4,0.1278630259912461
103.0,0.6,sym@amp+0.60,True,True,3,0.08208336192183197,False,False,5,0.1399947409518063
102.0,0.6,sym@amp+0.60,True,True,3,0.08191594388335943,False,False,5,0.14276033290661871
101.0,0.6,sym@amp+0.60,True,True,3,0.07676241197623312,False,False,5,0.14272401318885386
100.0,0.6,sym@amp+0.60,True,True,3,0.07652649097144604,False,False,5,0.14074114989489317
99.0,0.6,sym@amp+0.60,True,True,3,0.07749744690954685,False,False,5,0.13990530092269182
98.0,0.6,sym@amp+0.60,True,True,3,0.07756851497106254,False,False,5,0.140955600887537
97.0,0.6,sym@amp+0.60,True,True,3,0.07728380220942199,False,False,5,0.14019606891088188
96.0,0.6,sym@amp+0.60,True,True,3,0.07672095997259021,False,False,5,0.14021950704045594
95.0,0.6,sym@amp+0.60,True,True,3,0.07689638598822057,False,False,5,0.1399040319956839
94.0,0.6,sym@amp+0.60,True,True,3,0.0769704959820956,False,False,5,0.14066721498966217
93.0,0.6,sym@amp+0.60,True,True,3,0.07670989609323442,False,False,5,0.1400065622292459
92.0,0.6,sym@amp+0.60,True,True,3,0.07924608094617724,False,False,5,0.13966024899855256
91.0,0.6,sym@amp+0.60,True,True,1,0.11284552211873233,False,False,15,0.34608014998957515
90.0,0.6,sym@amp+0.60,True,True,1,0.11007432616315782,False,False,15,0.35265463404357433
89.0,0.6,sym@amp+0.60,True,True,1,0.11031809309497476,False,False,15,0.349352871067822
88.0,0.6,sym@amp+0.60,True,True,1,0.11043150187470019,False,False,15,0.34589633787982166
87.0,0.6,sym@amp+0.60,True,True,1,0.10755253513343632,False,False,16,0.3612584788352251
86.0,0.6,sym@amp+0.60,True,True,1,0.10755970096215606,False,False,17,0.37664687098003924
85.0,0.6,sym@amp+0.60,True,True,1,0.10890445299446583,False,False,17,0.37663908302783966
84.0,0.6,sym@amp+0.60,True,True,1,0.10732295806519687,False,False,18,0.3941012609284371
83.0,0.6,sym@amp+0.60,True,True,1,0.10769640421494842,False,False,18,0.392215397907421
82.0,0.6,sym@amp+0.60,True,True,1,0.10879656998440623,False,False,19,0.41029937588609755
81.0,0.6,sym@amp+0.60,True,True,1,0.10866495105437934,False,False,21,0.44610257307067513
80.0,0.6,sym@amp+0.60,True,True,1,0.10915606515482068,False,False,27,0.9450354939326644
79.0,0.6,sym@amp+0.60,True,True,1,0.10809193411841989,False,False,18,0.39302428206428885
78.0,0.6,sym@amp+0.60,True,True,1,0.10820575896650553,False,False,17,0.3793876841664314
77.0,0.6,sym@amp+0.60,True,True,1,0.10827360092662275,False,False,17,0.38061113911680877
76.0,0.6,sym@amp+0.60,True,True,1,0.10838210000656545,False,False,17,0.3790180371142924
75.0,0.6,sym@amp+0.60,True,True,1,0.10830624890513718,False,False,16,0.3667767820879817
74.0,0.6,sym@amp+0.60,True,True,1,0.10804662806913257,False,False,17,0.3785065170377493
73.0,0.6,sym@amp+0.60,True,True,1,0.10829881695099175,False,False,17,0.3821581029333174
72.0,0.6,sym@amp+0.60,True,True,1,0.1082313391380012,False,False,17,0.377812507096678
71.0,0.6,sym@amp+0.60,True,True,1,0.10812410595826805,False,False,17,0.4787549199536443
70.0,0.6,sym@amp+0.60,True,True,1,0.10845394199714065,False,False,18,0.39477360993623734
69.0,0.6,sym@amp+0.60,True,True,1,0.10880002495832741,False,False,18,0.3959146838169545
68.0,0.6,sym@amp+0.60,True,True,1,0.10904677910730243,False,False,19,0.4338917499408126
67.0,0.6,sym@amp+0.60,True,True,1,0.11400811094790697,False,False,20,0.45345101202838123
66.0,0.6,sym@amp+0.60,True,True,1,0.10825805808417499,False,False,22,0.5893495311029255
65.0,0.6,sym@amp+0.60,True,True,1,0.10825086594559252,False,False,33,0.6359558589756489
64.0,0.6,sym@amp+0.60,True,True,1,0.10828007711097598,False,False,31,0.5974058790598065
63.0,0.6,sym@amp+0.60,True,True,1,0.10808421717956662,False,False,31,0.5968473758548498
62.0,0.6,sym@amp+0.60,True,True,1,0.10804121103137732,False,False,33,0.6352557381615043
61.0,0.6,sym@amp+0.60,True,True,1,0.1082313631195575,False,False,33,0.634298815857619
60.0,0.6,sym@amp+0.60,True,True,1,0.11610105889849365,False,False,34,0.6469708529766649
59.0,0.6,sym@amp+0.60,True,True,1,0.11696917889639735,False,False,36,0.6766692430246621
58.0,0.6,sym@amp+0.60,True,True,1,0.10851757507771254,False,False,38,0.715117156971246
57.0,0.6,sym@amp+0.60,True,True,1,0.10835139686241746,False,False,41,0.7552136839367449
56.0,0.6,sym@amp+0.60,True,True,1,0.10946929594501853,False,False,44,0.8022974859923124
55.0,0.6,sym@amp+0.60,True,True,1,0.11846503196284175,False,False,47,0.8597310199402273
54.0,0.6,sym@amp+0.60,True,True,1,0.10845960793085396,False,False,51,0.9140253469813615
53.0,0.6,sym@amp+0.60,True,True,1,0.10871105710975826,False,False,56,0.9891951789613813
52.0,0.6,sym@amp+0.60,True,True,1,0.10919454204849899,False,False,63,1.1004813991021365
51.0,0.6,sym@amp+0.60,True,True,1,0.10858632018789649,False,False,71,1.661374393850565
50.0,0.6,sym@amp+0.60,True,True,1,0.11603372707031667,False,False,83,1.4500299610663205
49.0,0.6,sym@amp+0.60,True,True,1,0.11264828010462224,False,False,99,1.771433792077005
48.0,0.6,sym@amp+0.60,True,True,1,0.1074160251300782,False,False,120,2.182490772102028
47.0,0.6,sym@amp+0.60,True,True,1,0.10723572294227779,False,False,158,2.5863820381928235
46.0,0.6,sym@amp+0.60,True,True,1,0.1071848371066153,False,False,239,3.9308035850990564
45.0,0.6,sym@amp+0.60,True,True,1,0.10696542100049555,False,False,350,6.066492703044787
44.0,0.6,sym@amp+0.60,True,True,1,0.10747156012803316,True,True,162,2.8095602539833635
43.0,0.6,sym@amp+0.60,True,True,1,0.10720085399225354,True,True,173,2.9649599390104413
42.0,0.6,sym@amp+0.60,True,True,1,0.10773225408047438,True,True,186,3.029507778119296
41.0,0.6,sym@amp+0.60,True,True,1,0.11389093496836722,True,True,198,3.2202818819787353
40.0,0.6,sym@amp+0.60,True,True,1,0.10724012507125735,True,True,214,3.894137487979606
39.0,0.6,sym@amp+0.60,True,True,1,0.10752569884061813,True,True,236,4.149040599120781
38.0,0.6,sym@amp+0.60,True,True,1,0.10783325019292533,True,True,264,4.259379382012412
37.0,0.6,sym@amp+0.60,True,True,2,0.1103698699735105,True,True,287,4.616480852011591
36.0,0.6,sym@amp+0.60,True,True,2,0.11013632384128869,True,True,280,5.044352540047839
35.0,0.6,sym@amp+0.60,True,True,2,0.11051867599599063,True,True,235,3.9899746358860284
34.0,0.6,sym@amp+0.60,True,True,2,0.1105718738399446,True,True,183,2.9915752499364316
33.0,0.6,sym@amp+0.60,True,True,2,0.11088791000656784,True,True,143,2.4388204561546445
32.0,0.6,sym@amp+0.60,True,True,2,0.11225902615115047,True,True,113,1.8782033210154623
31.0,0.6,sym@amp+0.60,True,True,2,0.11096597090363503,True,True,91,1.979157020105049
30.0,0.6,sym@amp+0.60,True,True,2,0.11116621596738696,True,True,72,1.2447188319638371
29.0,0.6,sym@amp+0.60,True,True,2,0.1103384189773351,True,True,46,0.8379322038963437
28.0,0.6,sym@amp+0.60,True,True,2,0.11006802297197282,True,True,53,1.041144962888211
27.0,0.6,sym@amp+0.60,True,True,2,0.11006464995443821,True,True,50,0.9499003980308771
26.0,0.6,sym@amp+0.60,True,True,2,0.11028859997168183,True,True,45,0.9451833157800138
25.0,0.6,sym@amp+0.60,True,True,2,0.10985407000407577,True,True,40,0.7432003989815712
24.0,0.6,sym@amp+0.60,True,True,2,0.11035320395603776,True,True,36,0.676147875841707
23.0,0.6,sym@amp+0.60,True,True,2,0.1101809439714998,True,True,30,0.5824280241504312
22.0,0.6,sym@amp+0.60,True,True,2,0.10982419806532562,True,True,31,0.6092138919048011
21.0,0.6,sym@amp+0.60,True,True,2,0.10923424689099193,True,True,30,0.5810813461430371
20.0,0.6,sym@amp+0.60,True,True,2,0.11464791186153889,True,True,28,0.5490838359110057
108.0,0.7,sym@amp+0.70,True,True,3,0.10661709611304104,False,False,4,0.12735202815383673
107.0,0.7,sym@amp+0.70,True,True,3,0.08182792994193733,False,False,4,0.12723188800737262
106.0,0.7,sym@amp+0.70,True,True,3,0.0763590291608125,False,False,4,0.12779030203819275
105.0,0.7,sym@amp+0.70,True,True,3,0.08481517108157277,False,False,4,0.14550217590294778
104.0,0.7,sym@amp+0.70,True,True,3,0.08124849898740649,False,False,4,0.133060819003731
103.0,0.7,sym@amp+0.70,True,True,3,0.07982056098990142,False,False,4,0.13352860789746046
102.0,0.7,sym@amp+0.70,True,True,3,0.08802124089561403,False,False,4,0.13203813810832798
101.0,0.7,sym@amp+0.70,True,True,3,0.07806249405257404,False,False,4,0.12828091415576637
100.0,0.7,sym@amp+0.70,True,True,3,0.07914206595160067,False,False,4,0.12724683387205005
99.0,0.7,sym@amp+0.70,True,True,3,0.08360857609659433,False,False,4,0.1274302680976689
98.0,0.7,sym@amp+0.70,True,True,3,0.08177314698696136,False,False,4,0.12825742084532976
97.0,0.7,sym@amp+0.70,True,True,3,0.0945137720555067,False,False,5,0.1398004179354757
96.0,0.7,sym@amp+0.70,True,True,3,0.08290114486590028,False,False,5,0.13989923684857786
95.0,0.7,sym@amp+0.70,True,True,3,0.07586725009605289,False,False,5,0.1400782810524106
94.0,0.7,sym@amp+0.70,True,True,3,0.07608367083594203,False,False,5,0.13982398808002472
93.0,0.7,sym@amp+0.70,True,True,1,0.17616171902045608,False,False,14,0.33024743502028286
92.0,0.7,sym@amp+0.70,True,True,1,0.1276491901371628,False,False,13,0.3146893947850913
91.0,0.7,sym@amp+0.70,True,True,1,0.10826683090999722,False,False,13,0.3146777949295938
90.0,0.7,sym@amp+0.70,True,True,1,0.11100126709789038,False,False,13,0.3236091290600598
89.0,0.7,sym@amp+0.70,True,True,1,0.11792150209657848,False,False,12,0.3236083909869194
88.0,0.7,sym@amp+0.70,True,True,1,0.10890121082775295,False,False,12,0.32473035203292966
87.0,0.7,sym@amp+0.70,True,True,1,0.11028383299708366,False,False,12,0.3020313158631325
86.0,0.7,sym@amp+0.70,True,True,1,0.10947807598859072,False,False,12,0.2991241388954222
85.0,0.7,sym@amp+0.70,True,True,1,0.112557701067999,False,False,12,0.2985809638630599
84.0,0.7,sym@amp+0.70,True,True,1,0.11071212799288332,False,False,12,0.29849279788322747
83.0,0.7,sym@amp+0.70,True,True,1,0.1109012570232153,False,False,13,0.3191678421571851
82.0,0.7,sym@amp+0.70,True,True,1,0.10868861502967775,False,False,13,0.3166601888369769
81.0,0.7,sym@amp+0.70,True,True,1,0.1077651521191001,False,False,13,0.3161435551010072
80.0,0.7,sym@amp+0.70,True,True,1,0.10746385296806693,False,False,13,0.3141562680248171
79.0,0.7,sym@amp+0.70,True,True,1,0.11019777809269726,False,False,13,0.3131112440023571
78.0,0.7,sym@amp+0.70,True,True,1,0.11307704611681402,False,False,13,0.7135758958756924
77.0,0.7,sym@amp+0.70,True,True,1,0.11485439212992787,False,False,13,0.3154775658622384
76.0,0.7,sym@amp+0.70,True,True,1,0.13084012013860047,False,False,14,0.33948866999708116
75.0,0.7,sym@amp+0.70,True,True,1,0.10951992799527943,False,False,14,0.3318581539206207
74.0,0.7,sym@amp+0.70,True,True,1,0.11035400978289545,False,False,14,0.3311035509686917
73.0,0.7,sym@amp+0.70,True,True,1,0.10899980505928397,False,False,15,0.34712894982658327
72.0,0.7,sym@amp+0.70,True,True,1,0.11251330189406872,False,False,16,0.36246764403767884
71.0,0.7,sym@amp+0.70,True,True,1,0.11835067695938051,False,False,17,0.3778203430119902
70.0,0.7,sym@amp+0.70,True,True,1,0.11442748713307083,False,False,28,0.5542028159834445
69.0,0.7,sym@amp+0.70,True,True,1,0.11327229510061443,False,False,23,0.47628348390571773
68.0,0.7,sym@amp+0.70,True,True,1,0.1405618879944086,False,False,23,0.5698925929609686
67.0,0.7,sym@amp+0.70,True,True,1,0.11492945696227252,False,False,22,0.4571998999454081
66.0,0.7,sym@amp+0.70,True,True,1,0.1206050319597125,False,False,23,0.4915233908686787
65.0,0.7,sym@amp+0.70,True,True,1,0.12220401898957789,False,False,23,0.5021936041302979
64.0,0.7,sym@amp+0.70,True,True,1,0.1147169831674546,False,False,23,0.6066508991643786
63.0,0.7,sym@amp+0.70,True,True,1,0.11356513295322657,False,False,24,0.499105806928128
62.0,0.7,sym@amp+0.70,True,True,1,0.11271175602450967,False,False,24,0.4873558359686285
61.0,0.7,sym@amp+0.70,True,True,1,0.11286672810092568,False,False,25,0.5039021109696478
60.0,0.7,sym@amp+0.70,True,True,1,0.11282367189414799,False,False,26,0.523664846085012
59.0,0.7,sym@amp+0.70,True,True,1,0.10983754904009402,False,False,27,0.5339361950755119
58.0,0.7,sym@amp+0.70,True,True,1,0.11395526700653136,False,False,28,0.558902591932565
57.0,0.7,sym@amp+0.70,True,True,1,0.11021956498734653,False,False,30,0.5907793350052088
56.0,0.7,sym@amp+0.70,True,True,1,0.11068562604486942,False,False,31,0.5986024581361562
55.0,0.7,sym@amp+0.70,True,True,1,0.11058591003529727,False,False,31,0.6251808539964259
54.0,0.7,sym@amp+0.70,True,True,1,0.11137771303765476,False,False,33,0.6333836279809475
53.0,0.7,sym@amp+0.70,True,True,1,0.11241186992265284,False,False,35,0.6663072558585554
52.0,0.7,sym@amp+0.70,True,True,1,0.11272682785056531,False,False,37,0.6962155930232257
51.0,0.7,sym@amp+0.70,True,True,1,0.12342482199892402,False,False,39,0.7252513309940696
50.0,0.7,sym@amp+0.70,True,True,1,0.1326183839701116,False,False,41,0.753633402986452
49.0,0.7,sym@amp+0.70,True,True,1,0.13014643406495452,False,False,44,0.8012872671242803
48.0,0.7,sym@amp+0.70,True,True,1,0.1138357650488615,False,False,48,0.862517565023154
47.0,0.7,sym@amp+0.70,True,True,1,0.11072345892898738,False,False,53,0.9381719790399075
46.0,0.7,sym@amp+0.70,True,True,1,0.10850192909128964,False,False,57,1.4032908799126744
45.0,0.7,sym@amp+0.70,True,True,1,0.10854854108765721,False,False,63,1.0991976468358189
44.0,0.7,sym@amp+0.70,True,True,1,0.116439901990816,False,False,69,1.2018591000232846
43.0,0.7,sym@amp+0.70,True,True,1,0.12556051602587104,False,False,77,1.4308854779228568
42.0,0.7,sym@amp+0.70,True,True,1,0.12479732488282025,False,False,87,1.6770220478065312
41.0,0.7,sym@amp+0.70,True,True,1,0.13828876800835133,False,False,101,1.7072120339144021
40.0,0.7,sym@amp+0.70,True,True,1,0.14359809295274317,False,False,121,2.010205606929958
39.0,0.7,sym@amp+0.70,True,True,1,0.12657931819558144,False,False,153,2.511043942067772
38.0,0.7,sym@amp+0.70,True,True,2,0.14445355907082558,False,False,247,4.362677179044113
37.0,0.7,sym@amp+0.70,True,True,2,0.25708747399039567,False,False,350,5.985699663171545
36.0,0.7,sym@amp+0.70,True,True,2,0.11682117590680718,True,True,213,3.522603299934417
35.0,0.7,sym@amp+0.70,True,True,2,0.1148435880895704,True,True,235,3.966934371041134
34.0,0.7,sym@amp+0.70,True,True,2,0.11393674579448998,True,True,271,4.944968251045793
33.0,0.7,sym@amp+0.70,True,True,2,0.11452485411427915,True,True,304,5.2565624851267785
32.0,0.7,sym@amp+0.70,True,True,2,0.1126353619620204,True,True,256,4.1888118321076035
31.0,0.7,sym@amp+0.70,True,True,2,0.11653776816092432,True,True,164,2.7218021848239005
30.0,0.7,sym@amp+0.70,True,True,2,0.11670817900449038,True,True,137,2.293229889124632
29.0,0.7,sym@amp+0.70,True,True,2,0.12395516107790172,True,True,107,2.2238033609464765
28.0,0.7,sym@amp+0.70,True,True,2,0.11465359595604241,True,True,85,1.467059917980805
27.0,0.7,sym@amp+0.70,True,True,2,0.11659407801926136,True,True,69,1.337870511924848
26.0,0.7,sym@amp+0.70,True,True,2,0.11453132680617273,True,True,57,1.1918172070290893
25.0,0.7,sym@amp+0.70,True,True,2,0.11880651791580021,True,True,46,0.8505916278809309
24.0,0.7,sym@amp+0.70,True,True,2,0.11336609604768455,True,True,39,0.7323935991153121
23.0,0.7,sym@amp+0.70,True,True,2,0.11585389613173902,True,True,38,0.7157695640344173
22.0,0.7,sym@amp+0.70,True,True,2,0.11272004689089954,True,True,35,0.6723410431295633
21.0,0.7,sym@amp+0.70,True,True,2,0.12297633499838412,True,True,32,0.6191300458740443
20.0,0.7,sym@amp+0.70,True,True,2,0.12211245391517878,True,True,32,0.6195590598508716
108.0,0.8,sym@amp+0.80,True,True,3,0.08364564995281398,False,False,5,0.1420085527934134
107.0,0.8,sym@amp+0.80,True,True,3,0.08636979991570115,False,False,5,0.1422721710987389
106.0,0.8,sym@amp+0.80,True,True,3,0.07866404904052615,False,False,5,0.14243206498213112
105.0,0.8,sym@amp+0.80,True,True,3,0.07921644719317555,False,False,5,0.1439045479055494
104.0,0.8,sym@amp+0.80,True,True,3,0.0783329401165247,False,False,5,0.143643420888111
103.0,0.8,sym@amp+0.80,True,True,3,0.0797277360688895,False,False,4,0.12844911799766123
102.0,0.8,sym@amp+0.80,True,True,3,0.0788879080209881,False,False,4,0.12887012609280646
101.0,0.8,sym@amp+0.80,True,True,3,0.07886171084828675,False,False,4,0.1287058130837977
100.0,0.8,sym@amp+0.80,True,True,3,0.07898608013056219,False,False,4,0.12834262195974588
99.0,0.8,sym@amp+0.80,True,True,3,0.08006187295541167,False,False,4,0.12825261382386088
98.0,0.8,sym@amp+0.80,True,True,3,0.07982960599474609,False,False,4,0.12839304190129042
97.0,0.8,sym@amp+0.80,True,True,3,0.08064669487066567,False,False,4,0.128742657834664
96.0,0.8,sym@amp+0.80,True,True,3,0.08034197892993689,False,False,4,0.12857749313116074
95.0,0.8,sym@amp+0.80,True,True,1,0.11075561307370663,False,False,15,0.35012811282649636
94.0,0.8,sym@amp+0.80,True,True,1,0.10971466801129282,False,False,13,0.31696279789321125
93.0,0.8,sym@amp+0.80,True,True,1,0.10945429583080113,False,False,13,0.3189400630071759
92.0,0.8,sym@amp+0.80,True,True,1,0.10970863583497703,False,False,12,0.3025853850413114
91.0,0.8,sym@amp+0.80,True,True,1,0.10988248907960951,False,False,12,0.300724009051919
90.0,0.8,sym@amp+0.80,True,True,1,0.11023500398732722,False,False,12,0.30412846500985324
89.0,0.8,sym@amp+0.80,True,True,1,0.11042994703166187,False,False,12,0.30099463602527976
88.0,0.8,sym@amp+0.80,True,True,1,0.11103772395290434,False,False,12,0.3008289660792798
87.0,0.8,sym@amp+0.80,True,True,1,0.1100334997754544,False,False,12,0.302813682006672
86.0,0.8,sym@amp+0.80,True,True,1,0.11153452610597014,False,False,12,0.3009328730404377
85.0,0.8,sym@amp+0.80,True,True,1,0.1097249889280647,False,False,12,0.3012933300342411
84.0,0.8,sym@amp+0.80,True,True,1,0.11002842313610017,False,False,12,0.3046672029886395
83.0,0.8,sym@amp+0.80,True,True,1,0.10965311690233648,False,False,12,0.30048084212467074
82.0,0.8,sym@amp+0.80,True,True,1,0.10945224901661277,False,False,12,0.3017314749304205
81.0,0.8,sym@amp+0.80,True,True,1,0.10963173396885395,False,False,12,0.30093220015987754
80.0,0.8,sym@amp+0.80,True,True,1,0.109861777164042,False,False,13,0.3166752059478313
79.0,0.8,sym@amp+0.80,True,True,1,0.11053599091246724,False,False,13,0.316237319028005
78.0,0.8,sym@amp+0.80,True,True,1,0.1115387890022248,False,False,13,0.7392381650861353
77.0,0.8,sym@amp+0.80,True,True,1,0.11308470088988543,False,False,13,0.31962541094981134
76.0,0.8,sym@amp+0.80,True,True,1,0.11125628603622317,False,False,14,0.3378715799190104
75.0,0.8,sym@amp+0.80,True,True,1,0.10994546301662922,False,False,14,0.34404458990320563
74.0,0.8,sym@amp+0.80,True,True,1,0.11075159581378102,False,False,15,0.3506855331361294
73.0,0.8,sym@amp+0.80,True,True,1,0.11012376705184579,False,False,17,0.3824045539367944
72.0,0.8,sym@amp+0.80,True,True,1,0.11100776889361441,False,False,22,0.46175312297418714
71.0,0.8,sym@amp+0.80,True,True,1,0.11015040893107653,False,False,21,0.4463176871649921
70.0,0.8,sym@amp+0.80,True,True,1,0.10964460694231093,False,False,20,0.4291622240561992
69.0,0.8,sym@amp+0.80,True,True,1,0.11018380196765065,False,False,20,0.5251078989822417
68.0,0.8,sym@amp+0.80,True,True,1,0.1102853799238801,False,False,20,0.43143835105001926
67.0,0.8,sym@amp+0.80,True,True,1,0.11150983395054936,False,False,20,0.4320344370789826
66.0,0.8,sym@amp+0.80,True,True,1,0.11075047915801406,False,False,21,0.47639944590628147
65.0,0.8,sym@amp+0.80,True,True,1,0.11558710900135338,False,False,21,0.48028775700367987
64.0,0.8,sym@amp+0.80,True,True,1,0.12605675496160984,False,False,22,0.5914093591272831
63.0,0.8,sym@amp+0.80,True,True,1,0.11677434481680393,False,False,22,0.46339073893614113
62.0,0.8,sym@amp+0.80,True,True,1,0.11344973603263497,False,False,22,0.4663553989958018
61.0,0.8,sym@amp+0.80,True,True,1,0.11384332505986094,False,False,23,0.48212848301045597
60.0,0.8,sym@amp+0.80,True,True,1,0.11639249604195356,False,False,23,0.48214611294679344
59.0,0.8,sym@amp+0.80,True,True,1,0.11977545404806733,False,False,24,0.5145586240105331
58.0,0.8,sym@amp+0.80,True,True,1,0.11987621989101171,False,False,26,0.5276269880123436
57.0,0.8,sym@amp+0.80,True,True,1,0.11304252012632787,False,False,27,0.539592974819243
56.0,0.8,sym@amp+0.80,True,True,1,0.10957043780945241,False,False,27,0.5494744370225817
55.0,0.8,sym@amp+0.80,True,True,1,0.10899869189597666,False,False,29,0.6288987952284515
54.0,0.8,sym@amp+0.80,True,True,1,0.10938471904955804,False,False,31,0.619350265013054
53.0,0.8,sym@amp+0.80,True,True,1,0.11000105901621282,False,False,35,0.6679091088008136
52.0,0.8,sym@amp+0.80,True,True,1,0.11041954811662436,False,False,27,0.546727878972888
51.0,0.8,sym@amp+0.80,True,True,1,0.10933652496896684,False,False,25,0.5193127291277051
50.0,0.8,sym@amp+0.80,True,True,1,0.10952571290545166,False,False,25,0.5109527909662575
49.0,0.8,sym@amp+0.80,True,True,1,0.10910800914280117,False,False,25,0.5068124150857329
48.0,0.8,sym@amp+0.80,True,True,1,0.10954262805171311,False,False,27,0.5401501609012485
47.0,0.8,sym@amp+0.80,True,True,1,0.10919514298439026,False,False,28,0.5624756929464638
46.0,0.8,sym@amp+0.80,True,True,1,0.12312598014250398,False,False,30,0.5915980418212712
45.0,0.8,sym@amp+0.80,True,True,1,0.10889080795459449,False,False,34,0.6547180218622088
44.0,0.8,sym@amp+0.80,True,True,1,0.10906248213723302,False,False,44,0.8123113899491727
43.0,0.8,sym@amp+0.80,True,True,1,0.1098967578727752,False,False,43,1.2024999579880387
42.0,0.8,sym@amp+0.80,True,True,1,0.10999413789249957,False,False,44,0.8157667270861566
41.0,0.8,sym@amp+0.80,True,True,1,0.11198745504952967,False,False,44,0.8158725921530277
40.0,0.8,sym@amp+0.80,True,True,1,0.11351597495377064,False,False,47,0.8664793260395527
39.0,0.8,sym@amp+0.80,True,True,2,0.11604653298854828,False,False,50,1.016731696203351
38.0,0.8,sym@amp+0.80,True,True,2,0.114428625209257,False,False,54,1.0001406220253557
37.0,0.8,sym@amp+0.80,True,True,2,0.11169884819537401,False,False,62,1.3998931001406163
36.0,0.8,sym@amp+0.80,True,True,2,0.11288105207495391,False,False,78,3.6616158429533243
35.0,0.8,sym@amp+0.80,True,True,2,0.1132015970069915,False,False,59,1.2291070108767599
34.0,0.8,sym@amp+0.80,True,True,2,0.11324014118872583,False,False,49,0.9587160570081323
33.0,0.8,sym@amp+0.80,True,True,2,0.11322646890766919,False,False,47,0.8889199029654264
32.0,0.8,sym@amp+0.80,True,True,2,0.11292599700391293,False,False,48,0.8778381100855768
31.0,0.8,sym@amp+0.80,True,True,2,0.11355359107255936,False,False,49,0.9397656638175249
30.0,0.8,sym@amp+0.80,True,True,2,0.11423429590649903,False,False,53,1.0063172429800034
29.0,0.8,sym@amp+0.80,True,True,2,0.11425402411259711,False,False,59,1.0816563989501446
28.0,0.8,sym@amp+0.80,True,True,2,0.11329546081833541,False,False,74,1.368625523056835
27.0,0.8,sym@amp+0.80,True,True,2,0.12748323380947113,False,False,136,2.925489671062678
26.0,0.8,sym@amp+0.80,True,True,2,0.11679416405968368,True,True,150,3.1429928089492023
25.0,0.8,sym@amp+0.80,True,True,2,0.11848720698617399,True,True,84,1.9240690700244159
24.0,0.8,sym@amp+0.80,True,True,2,0.1169895299244672,True,True,54,1.3690410028211772
23.0,0.8,sym@amp+0.80,True,True,2,0.11570799094624817,True,True,47,0.9954827569890767
22.0,0.8,sym@amp+0.80,True,True,2,0.11974016088061035,True,True,40,0.8255794870201498
21.0,0.8,sym@amp+0.80,True,True,2,0.12301857490092516,True,True,41,0.8007556421216577
20.0,0.8,sym@amp+0.80,True,True,2,0.12467685691080987,True,True,38,0.7324757340829819
108.0,0.9,sym@amp+0.90,True,True,4,0.09002492995932698,False,False,5,0.14216212183237076
107.0,0.9,sym@amp+0.90,True,True,4,0.08478584606200457,False,False,5,0.15338877984322608
106.0,0.9,sym@amp+0.90,True,True,4,0.08667287416756153,False,False,4,0.134869079105556
105.0,0.9,sym@amp+0.90,True,True,4,0.08695072098635137,False,False,4,0.148447496118024
104.0,0.9,sym@amp+0.90,True,True,4,0.08465990098193288,False,False,4,0.14188534300774336
103.0,0.9,sym@amp+0.90,True,True,4,0.0864524079952389,False,False,4,0.14137993706390262
102.0,0.9,sym@amp+0.90,True,True,4,0.0844557371456176,False,False,4,0.1390783879905939
101.0,0.9,sym@amp+0.90,True,True,4,0.08777255704626441,False,False,5,0.15007045888341963
100.0,0.9,sym@amp+0.90,True,True,4,0.08413271605968475,False,False,5,0.15057432907633483
99.0,0.9,sym@amp+0.90,True,True,4,0.6526239281520247,False,False,4,0.1363830380141735
98.0,0.9,sym@amp+0.90,True,True,4,0.08655381901189685,False,False,4,0.13998920610174537
97.0,0.9,sym@amp+0.90,True,True,1,0.12615619506686926,False,False,12,0.31854987097904086
96.0,0.9,sym@amp+0.90,True,True,1,0.11897307191975415,False,False,12,0.3571175478864461
95.0,0.9,sym@amp+0.90,True,True,1,0.12502532405778766,False,False,12,0.3978941789828241
94.0,0.9,sym@amp+0.90,True,True,1,0.11971227591857314,False,False,13,0.3767396069597453
93.0,0.9,sym@amp+0.90,True,True,1,0.12104684812948108,False,False,13,0.36998860887251794
92.0,0.9,sym@amp+0.90,True,True,1,0.12317135999910533,False,False,14,0.3756842501461506
91.0,0.9,sym@amp+0.90,True,True,1,0.12342994194477797,False,False,15,0.4109398629516363
90.0,0.9,sym@amp+0.90,True,True,1,0.11793418508023024,False,False,18,0.43640083889476955
89.0,0.9,sym@amp+0.90,True,True,1,0.11226855008862913,False,False,13,0.36300795595161617
88.0,0.9,sym@amp+0.90,True,True,1,0.11009041499346495,False,False,13,0.3779044880066067
87.0,0.9,sym@amp+0.90,True,True,1,0.114392178831622,False,False,12,0.34459411702118814
86.0,0.9,sym@amp+0.90,True,True,1,0.11055738409049809,False,False,12,0.3298715930432081
85.0,0.9,sym@amp+0.90,True,True,1,0.15299419593065977,False,False,12,0.3052531860303134
84.0,0.9,sym@amp+0.90,True,True,1,0.11266227997839451,False,False,12,0.33114686608314514
83.0,0.9,sym@amp+0.90,True,True,1,0.11349718109704554,False,False,12,0.3133424068801105
82.0,0.9,sym@amp+0.90,True,True,1,0.11774961999617517,False,False,12,0.31981064891442657
81.0,0.9,sym@amp+0.90,True,True,1,0.11457986803725362,False,False,12,0.3077139949891716
80.0,0.9,sym@amp+0.90,True,True,1,0.11998543282970786,False,False,13,0.328525491990149
79.0,0.9,sym@amp+0.90,True,True,1,0.11357207596302032,False,False,13,0.33884965092875063
78.0,0.9,sym@amp+0.90,True,True,1,0.11833502002991736,False,False,13,0.33755181985907257
77.0,0.9,sym@amp+0.90,True,True,1,0.11928678001277149,False,False,13,0.34363022400066257
76.0,0.9,sym@amp+0.90,True,True,1,0.11744691501371562,False,False,14,0.3573393609840423
75.0,0.9,sym@amp+0.90,True,True,1,0.11916368710808456,False,False,14,0.8935874269809574
74.0,0.9,sym@amp+0.90,True,True,1,0.11829335102811456,False,False,14,0.3942427800502628
73.0,0.9,sym@amp+0.90,True,True,1,0.1271998279262334,False,False,14,0.35854976205155253
72.0,0.9,sym@amp+0.90,True,True,1,0.11531422194093466,False,False,14,0.34354654303751886
71.0,0.9,sym@amp+0.90,True,True,1,0.11319047398865223,False,False,14,0.388119398849085
70.0,0.9,sym@amp+0.90,True,True,1,0.11138073890469968,False,False,14,0.34184537804685533
69.0,0.9,sym@amp+0.90,True,True,1,0.11141341691836715,False,False,15,0.3481505650561303
68.0,0.9,sym@amp+0.90,True,True,1,0.11276046186685562,False,False,15,0.356576643884182
67.0,0.9,sym@amp+0.90,True,True,1,0.11233900394290686,False,False,15,0.36795156192965806
66.0,0.9,sym@amp+0.90,True,True,1,0.11142061604186893,False,False,15,0.3682731839362532
65.0,0.9,sym@amp+0.90,True,True,1,0.11290233698673546,False,False,15,0.4791357659269124
64.0,0.9,sym@amp+0.90,True,True,1,0.1122165450360626,False,False,15,0.3888598750345409
63.0,0.9,sym@amp+0.90,True,True,1,0.11231761798262596,False,False,15,0.41124293487519026
62.0,0.9,sym@amp+0.90,True,True,1,0.11294908099807799,False,False,15,0.3857226308900863
61.0,0.9,sym@amp+0.90,True,True,1,0.11381356394849718,False,False,15,0.41341187711805105
60.0,0.9,sym@amp+0.90,True,True,1,0.11276976391673088,False,False,15,0.43989055696874857
59.0,0.9,sym@amp+0.90,True,True,1,0.11318650003522635,False,False,15,0.4912752870004624
58.0,0.9,sym@amp+0.90,True,True,1,0.11303588491864502,False,False,15,0.35538891912437975
57.0,0.9,sym@amp+0.90,True,True,1,0.11208863114006817,False,False,16,0.428840370150283
56.0,0.9,sym@amp+0.90,True,True,1,0.12152617517858744,False,False,16,0.39753520605154335
55.0,0.9,sym@amp+0.90,True,True,1,0.1579866490792483,False,False,16,0.3749243998900056
54.0,0.9,sym@amp+0.90,True,True,1,0.11226780712604523,False,False,17,0.4126102321315557
53.0,0.9,sym@amp+0.90,True,True,1,0.1094086510129273,False,False,17,0.38698950596153736
52.0,0.9,sym@amp+0.90,True,True,1,0.11702730390243232,False,False,18,0.4199839059729129
51.0,0.9,sym@amp+0.90,True,True,1,0.1123612669762224,False,False,18,0.40604328201152384
50.0,0.9,sym@amp+0.90,True,True,1,0.11533743399195373,False,False,19,0.5005629670340568
49.0,0.9,sym@amp+0.90,True,True,1,0.11969944508746266,False,False,20,0.5568450090941042
48.0,0.9,sym@amp+0.90,True,True,1,0.11633637198247015,False,False,21,0.4650749899446964
47.0,0.9,sym@amp+0.90,True,True,1,0.11760816490277648,False,False,23,0.549190390156582
46.0,0.9,sym@amp+0.90,True,True,1,0.11504799104295671,False,False,26,0.619061587145552
45.0,0.9,sym@amp+0.90,True,True,1,0.11478122184053063,False,False,32,0.6480574521701783
44.0,0.9,sym@amp+0.90,True,True,1,0.11330774798989296,False,False,29,0.6140833869576454
43.0,0.9,sym@amp+0.90,True,True,1,0.11403326387517154,False,False,29,0.5836653539445251
42.0,0.9,sym@amp+0.90,True,True,1,0.11051809601485729,False,False,30,0.649160454981029
41.0,0.9,sym@amp+0.90,True,True,2,0.11393563100136817,False,False,32,0.7511985739693046
40.0,0.9,sym@amp+0.90,True,True,2,0.12261147610843182,False,False,42,0.8868888160213828
39.0,0.9,sym@amp+0.90,True,True,2,0.11498843296431005,False,False,31,0.682371789123863
38.0,0.9,sym@amp+0.90,True,True,2,0.12392484396696091,False,False,29,0.6218716979492456
37.0,0.9,sym@amp+0.90,True,True,2,0.11483258800581098,False,False,28,0.5763417130801827
36.0,0.9,sym@amp+0.90,True,True,2,0.1142509060446173,False,False,28,0.5944765689782798
35.0,0.9,sym@amp+0.90,True,True,2,0.11216648598201573,False,False,27,0.5810396841261536
34.0,0.9,sym@amp+0.90,True,True,2,0.11197450011968613,False,False,28,0.995599458925426
33.0,0.9,sym@amp+0.90,True,True,2,0.11217401013709605,False,False,28,0.6308567840605974
32.0,0.9,sym@amp+0.90,True,True,2,0.11181870405562222,False,False,28,0.6119539679493755
31.0,0.9,sym@amp+0.90,True,True,2,0.1125875290017575,False,False,29,0.670712896855548
30.0,0.9,sym@amp+0.90,True,True,2,0.1128999418579042,False,False,30,0.60048957192339
29.0,0.9,sym@amp+0.90,True,True,2,0.1122754339594394,False,False,31,0.6646574649494141
28.0,0.9,sym@amp+0.90,True,True,2,0.11200824100524187,False,False,33,0.7455837109591812
27.0,0.9,sym@amp+0.90,True,True,2,0.11189039703458548,False,False,36,0.7159614209085703
26.0,0.9,sym@amp+0.90,True,True,2,0.11174044199287891,False,False,40,0.7738997028209269
25.0,0.9,sym@amp+0.90,True,True,2,0.12888348498381674,False,False,49,1.019855554914102
24.0,0.9,sym@amp+0.90,True,True,2,0.11243915813975036,False,False,73,1.268811927177012
23.0,0.9,sym@amp+0.90,True,True,2,0.11458495515398681,True,True,141,2.34614265197888
22.0,0.9,sym@amp+0.90,True,True,2,0.11464394605718553,True,True,57,1.0112920510582626
21.0,0.9,sym@amp+0.90,True,True,2,0.1158338668756187,True,True,45,0.8324204781092703
20.0,0.9,sym@amp+0.90,True,True,2,0.11465637688525021,True,True,45,0.8716047289781272
108.0,1.0,sym@amp+1.00,True,True,4,0.08477163081988692,False,False,4,0.12695034709759057
107.0,1.0,sym@amp+1.00,True,True,4,0.08657432906329632,False,False,5,0.13970378995873034
106.0,1.0,sym@amp+1.00,True,True,4,0.08688645088113844,False,False,5,0.1404390351381153
105.0,1.0,sym@amp+1.00,True,True,4,0.08361262315884233,False,False,5,0.14044326986186206
104.0,1.0,sym@amp+1.00,True,True,4,0.07896002801135182,False,False,5,0.13985107792541385
103.0,1.0,sym@amp+1.00,True,True,4,0.08160148304887116,False,False,5,0.14064975921064615
102.0,1.0,sym@amp+1.00,True,True,4,0.08031898504123092,False,False,4,0.1294480049982667
101.0,1.0,sym@amp+1.00,True,True,4,0.08227474195882678,False,False,4,0.13329493813216686
100.0,1.0,sym@amp+1.00,True,True,4,0.08023796696215868,False,False,4,0.12940738792531192
99.0,1.0,sym@amp+1.00,True,True,1,0.11047404306009412,False,False,10,0.267305213958025
98.0,1.0,sym@amp+1.00,True,True,1,0.11031281691975892,False,False,10,0.26714227301999927
97.0,1.0,sym@amp+1.00,True,True,1,0.12924198899418116,False,False,10,0.2667777801398188
96.0,1.0,sym@amp+1.00,True,True,1,0.10899200406856835,False,False,10,0.2696568020619452
95.0,1.0,sym@amp+1.00,True,True,1,0.10872258711606264,False,False,10,0.26782755297608674
94.0,1.0,sym@amp+1.00,True,True,1,0.10916862008161843,False,False,11,0.2835178361274302
93.0,1.0,sym@amp+1.00,True,True,1,0.10889793396927416,False,False,11,0.2826397940516472
92.0,1.0,sym@amp+1.00,True,True,1,0.10884662508033216,False,False,13,0.3162450580857694
91.0,1.0,sym@amp+1.00,True,True,1,0.10888401814736426,False,False,13,0.31617022096179426
90.0,1.0,sym@amp+1.00,True,True,1,0.1086587579920888,False,False,12,0.29908688901923597
89.0,1.0,sym@amp+1.00,True,True,1,0.10955586098134518,False,False,13,0.31456989306025207
88.0,1.0,sym@amp+1.00,True,True,1,0.10939421900548041,False,False,12,0.7065903830807656
87.0,1.0,sym@amp+1.00,True,True,1,0.10949290404096246,False,False,12,0.30583230103366077
86.0,1.0,sym@amp+1.00,True,True,1,0.11102512618526816,False,False,12,0.3147842809557915
85.0,1.0,sym@amp+1.00,True,True,1,0.11136535508558154,False,False,12,0.31038810103200376
84.0,1.0,sym@amp+1.00,True,True,1,0.10998379392549396,False,False,12,0.30557536520063877
83.0,1.0,sym@amp+1.00,True,True,1,0.10962530015967786,False,False,12,0.30164632690139115
82.0,1.0,sym@amp+1.00,True,True,1,0.1112948008812964,False,False,12,0.30204912298358977
81.0,1.0,sym@amp+1.00,True,True,1,0.12047548894770443,False,False,12,0.3030679179355502
80.0,1.0,sym@amp+1.00,True,True,1,0.11967562581412494,False,False,13,0.3416136100422591
79.0,1.0,sym@amp+1.00,True,True,1,0.11191902891732752,False,False,13,0.3397222359199077
78.0,1.0,sym@amp+1.00,True,True,1,0.11044872808270156,False,False,13,0.3631724379956722
77.0,1.0,sym@amp+1.00,True,True,1,0.11234149197116494,False,False,13,0.37078351294621825
76.0,1.0,sym@amp+1.00,True,True,1,0.11103224707767367,False,False,14,0.3847369500435889
75.0,1.0,sym@amp+1.00,True,True,1,0.11182831809855998,False,False,14,0.481017183046788
74.0,1.0,sym@amp+1.00,True,True,1,0.1118540670722723,False,False,14,0.37455078586935997
73.0,1.0,sym@amp+1.00,True,True,1,0.11001869314350188,False,False,15,0.39179497701115906
72.0,1.0,sym@amp+1.00,True,True,1,0.11187508492730558,False,False,16,0.39845783403143287
71.0,1.0,sym@amp+1.00,True,True,1,0.11183294211514294,False,False,17,0.42298040189780295
70.0,1.0,sym@amp+1.00,True,True,1,0.10911013511940837,False,False,17,0.4395969898905605
69.0,1.0,sym@amp+1.00,True,True,1,0.11330194096080959,False,False,15,0.5028121909126639
68.0,1.0,sym@amp+1.00,True,True,1,0.11268365220166743,False,False,15,0.3610863189678639
67.0,1.0,sym@amp+1.00,True,True,1,0.1255353691522032,False,False,14,0.3354354649782181
66.0,1.0,sym@amp+1.00,True,True,1,0.13239754107780755,False,False,14,0.4399410458281636
65.0,1.0,sym@amp+1.00,True,True,1,0.11136117996647954,False,False,14,0.3674049652181566
64.0,1.0,sym@amp+1.00,True,True,1,0.10862200101837516,False,False,14,0.3460377131123096
63.0,1.0,sym@amp+1.00,True,True,1,0.10940338182263076,False,False,14,0.36944305594079196
62.0,1.0,sym@amp+1.00,True,True,1,0.10955793503671885,False,False,14,0.4165326978545636
61.0,1.0,sym@amp+1.00,True,True,1,0.10944201098755002,False,False,15,0.4942461559548974
60.0,1.0,sym@amp+1.00,True,True,1,0.10944460914470255,False,False,15,0.38633657107129693
59.0,1.0,sym@amp+1.00,True,True,1,0.11451121396385133,False,False,15,0.45048342016525567
58.0,1.0,sym@amp+1.00,True,True,1,0.11764798010699451,False,False,16,0.45407828013412654
57.0,1.0,sym@amp+1.00,True,True,1,0.11162578198127449,False,False,16,0.42238612100481987
56.0,1.0,sym@amp+1.00,True,True,1,0.11084031709469855,False,False,17,0.4176293360069394
55.0,1.0,sym@amp+1.00,True,True,1,0.1106276900973171,False,False,19,0.41735936515033245
54.0,1.0,sym@amp+1.00,True,True,1,0.11660284805111587,False,False,21,0.49288676981814206
53.0,1.0,sym@amp+1.00,True,True,1,0.11303200013935566,False,False,18,0.4019367671571672
52.0,1.0,sym@amp+1.00,True,True,1,0.11320158303715289,False,False,18,0.41894903988577425
51.0,1.0,sym@amp+1.00,True,True,1,0.1123463218100369,False,False,18,0.46703525190241635
50.0,1.0,sym@amp+1.00,True,True,1,0.11227918090298772,False,False,18,0.4140993459150195
49.0,1.0,sym@amp+1.00,True,True,1,0.11441066907718778,False,False,18,0.4467077839653939
48.0,1.0,sym@amp+1.00,True,True,1,0.12061666301451623,False,False,18,0.397559312870726
47.0,1.0,sym@amp+1.00,True,True,1,0.12184563186019659,False,False,18,0.41923733009025455
46.0,1.0,sym@amp+1.00,True,True,1,0.11617222591303289,False,False,18,0.4261851659975946
45.0,1.0,sym@amp+1.00,True,True,1,0.11350098298862576,False,False,19,0.4629658851772547
44.0,1.0,sym@amp+1.00,True,True,1,0.11329823802225292,False,False,20,0.4332191990688443
43.0,1.0,sym@amp+1.00,True,True,1,0.11426501395180821,False,False,22,0.46300376881845295
42.0,1.0,sym@amp+1.00,True,True,1,0.11457577510736883,False,False,26,0.5210990030318499
41.0,1.0,sym@amp+1.00,True,True,1,0.11530591710470617,False,False,22,0.5004255899693817
40.0,1.0,sym@amp+1.00,True,True,2,0.13383762910962105,False,False,22,0.499973441939801
39.0,1.0,sym@amp+1.00,True,True,2,0.11421887204051018,False,False,22,0.4936669538728893
38.0,1.0,sym@amp+1.00,True,True,2,0.11484353896230459,False,False,22,0.47284516016952693
37.0,1.0,sym@amp+1.00,True,True,2,0.12561870808713138,False,False,21,0.8941734910476953
36.0,1.0,sym@amp+1.00,True,True,2,0.1162746511399746,False,False,21,0.44648456503637135
35.0,1.0,sym@amp+1.00,True,True,2,0.12142790807411075,False,False,21,0.44773511099629104
34.0,1.0,sym@amp+1.00,True,True,2,0.12797270296141505,False,False,21,0.46873310883529484
33.0,1.0,sym@amp+1.00,True,True,2,0.12385383597575128,False,False,21,0.4491492072120309
32.0,1.0,sym@amp+1.00,True,True,2,0.11333302780985832,False,False,22,0.46645712200552225
31.0,1.0,sym@amp+1.00,True,True,2,0.11458202009089291,False,False,23,0.47897226293571293
30.0,1.0,sym@amp+1.00,True,True,2,0.11757203610613942,False,False,23,0.47977639199234545
29.0,1.0,sym@amp+1.00,True,True,2,0.12096002092584968,False,False,24,0.5856308080255985
28.0,1.0,sym@amp+1.00,True,True,2,0.13406605599448085,False,False,25,0.5325367040932178
27.0,1.0,sym@amp+1.00,True,True,2,0.11711266310885549,False,False,26,0.5478613879531622
26.0,1.0,sym@amp+1.00,True,True,2,0.16171441180631518,False,False,28,0.598600598052144
25.0,1.0,sym@amp+1.00,True,True,2,0.12351181311532855,False,False,30,0.7116929220501333
24.0,1.0,sym@amp+1.00,True,True,2,0.13201511511579156,False,False,34,0.657827473944053
23.0,1.0,sym@amp+1.00,True,True,2,0.11943262978456914,False,False,40,0.7705009649507701
22.0,1.0,sym@amp+1.00,True,True,2,0.11422052793204784,False,False,57,1.0076874447986484
21.0,1.0,sym@amp+1.00,True,True,2,0.11458224290981889,True,True,179,3.032218195963651
20.0,1.0,sym@amp+1.00,True,True,2,0.1155976289883256,True,True,54,0.9745275340974331
